etath,etaiso,triang,coreradius,bt,bscfmax,rmajor,coe,capcost
0.3702,0.67115,0.50283,0.76923,4.0257,0.9316,5.5085,506.4,13480.0
0.37027,0.88715,0.50002,0.78068,3.8516,0.8876,5.8512,576.62,15447.0
0.37029,0.91906,0.51771,0.76317,3.9882,0.89324,5.776,562.19,15000.0
0.37037,0.87611,0.44569,0.79313,3.6031,0.95759,6.9058,856.71,23176.0
0.37045,0.81649,0.56389,0.77381,3.8023,0.97381,6.0731,628.56,16858.0
0.37063,0.9479,0.41621,0.73238,4.0939,0.93905,5.5642,517.98,13789.0
0.37082,0.78411,0.43953,0.75404,4.0972,0.8994,5.3462,475.32,12631.0
0.37084,0.82243,0.56654,0.72058,3.8547,0.92462,6.0497,623.83,16707.0
0.37092,0.6599,0.52611,0.73347,3.7805,0.90191,6.0002,609.88,16380.0
0.37096,0.82285,0.4764,0.78977,4.0616,0.91216,5.4817,501.34,13336.0
0.37104,0.93447,0.55662,0.79633,3.8293,0.90914,5.9823,607.1,16267.0
0.37104,0.66965,0.47113,0.78275,4.0555,0.91445,5.5551,515.95,13736.0
0.37111,0.7801,0.52041,0.72477,4.0018,0.9586,5.6916,544.05,14504.0
0.3712,0.85328,0.44246,0.72439,3.6011,0.96239,6.7394,804.81,21772.0
0.37137,0.7823,0.45591,0.73839,4.0472,0.94458,5.4854,501.71,13355.0
0.3715,0.86682,0.43423,0.70719,3.7942,0.98498,6.1222,639.19,17184.0
0.37156,0.74998,0.4158,0.7755,3.6494,0.94136,6.4656,726.24,19622.0
0.37202,0.66832,0.48549,0.79698,3.833,0.92716,6.0354,619.12,16611.0
0.37204,0.67431,0.52351,0.74213,3.7221,0.91077,6.1743,651.69,17533.0
0.37207,0.72995,0.47009,0.76714,3.6809,0.88456,6.3567,697.75,18817.0
0.37218,0.93134,0.53831,0.75124,3.8526,0.97858,5.7944,563.97,15100.0
0.37222,0.67885,0.56477,0.73454,3.9417,0.90213,5.8025,567.69,15154.0
0.37229,0.81937,0.43849,0.78989,3.7513,0.89102,6.2061,659.47,17753.0
0.37245,0.72831,0.52656,0.77552,4.0672,0.88366,5.518,508.98,13531.0
0.37274,0.84428,0.47542,0.78337,3.7462,0.88809,6.2753,677.58,18237.0
0.373,0.70794,0.4928,0.75054,4.064,0.95318,5.4042,486.28,12925.0
0.37334,0.87678,0.55851,0.72509,3.6935,0.90859,6.3168,688.34,18529.0
0.37339,0.74658,0.52729,0.78202,3.9435,0.98552,5.5517,513.85,13708.0
0.37345,0.72661,0.45526,0.75968,3.7265,0.9152,6.1717,650.39,17514.0
0.37348,0.71784,0.50415,0.76363,3.9052,0.9571,5.6854,540.97,14460.0
0.37348,0.67229,0.54487,0.71764,3.6018,0.98609,6.6043,765.97,20685.0
0.37358,0.90645,0.49544,0.75353,3.6113,0.91625,6.692,791.41,21385.0
0.37377,0.8417,0.45918,0.78647,4.0979,0.88164,5.3139,469.41,12464.0
0.37391,0.91691,0.53436,0.72455,3.6334,0.89007,6.3341,690.91,18648.0
0.37408,0.67251,0.47285,0.75067,3.8202,0.89616,6.0251,616.22,16540.0
0.37418,0.729,0.49474,0.73802,3.9954,0.95744,5.6445,533.62,14230.0
0.37421,0.91495,0.50533,0.78354,3.6011,0.94656,6.6259,771.74,20855.0
0.37422,0.91543,0.49787,0.74196,3.9738,0.90527,5.7025,545.65,14562.0
0.37425,0.78543,0.43656,0.77343,3.8412,0.95305,5.8924,585.15,15697.0
0.37434,0.69326,0.53026,0.76745,3.6856,0.97496,6.3877,706.81,19042.0
0.37447,0.74244,0.45844,0.73766,3.7384,0.98089,6.2368,667.22,17964.0
0.37486,0.91817,0.40919,0.74752,3.9582,0.88443,5.5989,522.8,13970.0
0.37489,0.94832,0.50533,0.78648,3.7538,0.91547,5.9659,601.14,16154.0
0.37502,0.76168,0.41607,0.75492,3.8265,0.95848,5.938,595.24,15982.0
0.37503,0.67834,0.56031,0.79391,3.8589,0.97454,5.7523,555.17,14847.0
0.37511,0.88819,0.45488,0.76466,3.6525,0.93259,6.3138,685.49,18502.0
0.37522,0.77195,0.51044,0.70426,3.6315,0.97892,6.4902,733.62,19803.0
0.37525,0.90909,0.46219,0.78222,3.9222,0.88689,5.6204,527.16,14088.0
0.37526,0.87459,0.40013,0.74538,3.9137,0.94102,5.8432,574.86,15397.0
0.37537,0.79155,0.49071,0.73772,3.6526,0.96281,6.3122,685.4,18491.0
0.37544,0.81797,0.56296,0.73006,3.8643,0.90277,5.7925,564.05,15086.0
0.3755,0.6522,0.40898,0.72794,3.9934,0.98541,5.5596,515.27,13753.0
0.37557,0.7041,0.4905,0.74696,3.7697,0.88701,6.1679,650.55,17488.0
0.37562,0.66316,0.5887,0.78125,3.8895,0.9774,5.7241,549.76,14681.0
0.37579,0.8298,0.55757,0.79604,3.9142,0.95976,5.5751,518.47,13833.0
0.37588,0.66709,0.55142,0.76141,3.6839,0.95743,6.4356,720.09,19395.0
0.37589,0.67769,0.52932,0.78388,3.8914,0.88522,5.9353,596.66,15967.0
0.37597,0.77419,0.41516,0.76749,4.0818,0.94817,5.3819,481.62,12808.0
0.37599,0.68904,0.53153,0.77145,3.6027,0.92156,6.3893,705.42,19046.0
0.37604,0.83013,0.45403,0.76672,3.7038,0.90714,6.2057,658.47,17744.0
0.37634,0.67935,0.51649,0.73481,3.6028,0.98563,6.65,778.95,21044.0
0.37637,0.8135,0.58187,0.79122,3.6414,0.94593,6.518,742.58,20015.0
0.37647,0.65151,0.44836,0.73486,3.7085,0.94574,6.2012,657.35,17712.0
0.37657,0.91855,0.47421,0.72496,3.6042,0.96498,6.5288,743.43,20094.0
0.37675,0.93646,0.5249,0.71359,4.0138,0.94418,5.5095,506.33,13478.0
0.3769,0.72573,0.58895,0.74795,3.7181,0.92634,6.025,615.09,16530.0
0.37699,0.66886,0.58533,0.79666,3.919,0.97269,5.7503,555.83,14836.0
0.377,0.84483,0.58011,0.75937,3.6484,0.90641,6.1756,650.67,17532.0
0.37702,0.92519,0.53144,0.72942,4.0374,0.94513,5.5688,518.71,13804.0
0.37712,0.90418,0.40494,0.7936,3.6397,0.8908,6.6591,781.19,21118.0
0.37712,0.82304,0.58298,0.74008,3.7363,0.92915,6.0195,614.14,16495.0
0.37733,0.86599,0.57593,0.79399,4.0499,0.98291,5.4768,500.74,13303.0
0.37738,0.89741,0.45726,0.77661,3.92,0.94733,5.6865,540.97,14464.0
0.37762,0.70236,0.42622,0.72588,3.7404,0.97479,6.3761,703.62,18957.0
0.37764,0.89358,0.47413,0.7711,3.9976,0.88088,5.6002,524.12,13976.0
0.37767,0.71824,0.41507,0.72147,4.0092,0.90739,5.5363,510.82,13624.0
0.37772,0.79509,0.42581,0.74803,3.6227,0.96766,6.5066,737.05,19924.0
0.37779,0.88474,0.51986,0.74574,4.0499,0.93126,5.5056,505.97,13458.0
0.37788,0.85179,0.54858,0.73344,3.696,0.97567,6.158,647.14,17414.0
0.37788,0.72501,0.5213,0.77257,3.6466,0.8961,6.4716,728.83,19660.0
0.37809,0.68987,0.53082,0.75722,3.9512,0.90786,5.5832,520.38,13878.0
0.37812,0.82191,0.48505,0.73973,4.057,0.92072,5.4518,495.16,13170.0
0.37814,0.83388,0.44298,0.73717,3.776,0.93648,5.9623,599.84,16130.0
0.37817,0.84891,0.55664,0.77001,3.8096,0.94403,5.7757,559.06,14980.0
0.37821,0.85577,0.55366,0.71353,3.6194,0.9881,6.5813,759.73,20501.0
0.37822,0.6816,0.55734,0.7953,3.6102,0.90829,6.6034,765.98,20674.0
0.37835,0.94948,0.41586,0.74951,3.8137,0.93447,6.1212,638.93,17172.0
0.37843,0.84538,0.48363,0.70157,3.7695,0.94847,6.0275,615.54,16548.0
0.37847,0.73766,0.50139,0.79821,3.77,0.89789,6.1415,643.95,17306.0
0.37856,0.72207,0.56232,0.77454,3.7933,0.88962,5.9068,588.62,15779.0
0.37857,0.93775,0.40928,0.78955,3.6573,0.93589,6.3126,684.75,18491.0
0.37877,0.70487,0.51357,0.75798,4.047,0.95194,5.3976,484.7,12884.0
0.379,0.75579,0.40126,0.77497,3.739,0.9627,6.4083,712.07,19193.0
0.37902,0.76235,0.57308,0.749,3.6134,0.98561,6.3377,692.22,18668.0
0.37904,0.8601,0.59355,0.73411,3.716,0.92493,6.097,632.85,17002.0
0.37909,0.71946,0.48669,0.74594,3.7318,0.95591,6.0591,622.68,16752.0
0.37952,0.70978,0.4579,0.77494,4.0129,0.96709,5.4756,499.0,13293.0
0.37959,0.90098,0.54174,0.72393,4.0492,0.95461,5.5144,507.84,13504.0
0.37972,0.74341,0.45332,0.77456,3.9658,0.98979,5.5721,517.66,13816.0
0.37973,0.82902,0.59455,0.74487,3.712,0.92186,6.0811,628.87,16896.0
0.38006,0.74974,0.55176,0.77821,3.7277,0.91929,6.1993,658.22,17697.0
0.38009,0.84755,0.55641,0.77868,3.6528,0.90295,6.3339,691.81,18642.0
0.3801,0.84962,0.44658,0.74074,4.0819,0.8916,5.4029,485.67,12912.0
0.38017,0.81208,0.40133,0.78491,3.7671,0.97602,6.0611,623.13,16767.0
0.38037,0.77089,0.49961,0.75689,3.7691,0.90018,6.1639,649.47,17456.0
0.38049,0.65464,0.47476,0.73857,3.6068,0.89614,6.6986,792.9,21431.0
0.38051,0.66506,0.45713,0.73313,3.6664,0.88371,6.2426,667.06,17994.0
0.38072,0.86012,0.53935,0.7435,3.8496,0.90721,5.7689,558.25,14940.0
0.38075,0.66706,0.59414,0.77958,4.093,0.89352,5.1958,448.54,11874.0
0.38077,0.82534,0.43345,0.79022,3.6931,0.97323,6.1107,634.13,17092.0
0.3808,0.79528,0.5648,0.71612,3.7109,0.90188,6.2708,676.46,18195.0
0.38097,0.76546,0.44537,0.7455,3.7045,0.94781,6.3263,689.64,18590.0
0.38115,0.85011,0.43641,0.70241,3.7799,0.91116,5.9804,603.96,16242.0
0.38121,0.93132,0.49596,0.71872,3.9336,0.89275,5.7922,564.33,15083.0
0.38126,0.90962,0.44136,0.73553,3.9572,0.96387,5.5944,521.98,13938.0
0.38131,0.76699,0.52289,0.73508,3.7329,0.88562,6.1303,640.58,17225.0
0.38184,0.68289,0.41719,0.77197,3.9695,0.91526,5.6522,533.99,14265.0
0.38201,0.66234,0.46393,0.7032,4.0477,0.92805,5.4269,489.85,13034.0
0.38232,0.65262,0.52207,0.72876,3.8554,0.90425,5.8557,577.49,15463.0
0.38233,0.69979,0.56613,0.77442,4.0144,0.88693,5.347,474.89,12618.0
0.38239,0.75376,0.48148,0.75999,3.9494,0.94217,5.5331,509.61,13598.0
0.38248,0.69172,0.42906,0.79398,3.8231,0.91771,5.8207,568.3,15248.0
0.38263,0.82589,0.4882,0.70161,4.0111,0.92582,5.5012,504.13,13427.0
0.38265,0.76548,0.49088,0.72989,3.8055,0.97209,5.9583,599.99,16101.0
0.38266,0.78833,0.50832,0.75597,3.9863,0.9871,5.6181,527.75,14071.0
0.38282,0.76396,0.52885,0.72852,3.7403,0.92562,6.0705,626.01,16825.0
0.38288,0.71014,0.58756,0.77718,3.6736,0.94536,6.045,618.99,16653.0
0.38292,0.71155,0.51769,0.7064,3.8174,0.89764,5.8798,582.24,15609.0
0.38297,0.84271,0.52467,0.73453,3.6322,0.96833,6.4924,734.26,19812.0
0.38298,0.73986,0.59902,0.74626,3.6385,0.95028,6.1526,644.73,17369.0
0.38298,0.7248,0.58715,0.72673,3.9617,0.93865,5.5821,520.61,13867.0
0.38315,0.65814,0.45218,0.77653,3.7227,0.98326,6.267,674.44,18166.0
0.38318,0.6705,0.45275,0.75808,3.7798,0.92118,6.1537,646.59,17385.0
0.38344,0.67435,0.48695,0.70808,3.7013,0.95005,6.3531,697.1,18781.0
0.38352,0.92824,0.54576,0.78892,3.692,0.88063,6.1208,637.61,17156.0
0.38354,0.82957,0.51777,0.76869,4.0619,0.9779,5.4734,499.49,13279.0
0.38359,0.85692,0.4281,0.74474,3.7874,0.89788,5.9769,603.47,16218.0
0.38364,0.65104,0.5167,0.74982,3.6212,0.96805,6.5198,741.61,20020.0
0.38365,0.91709,0.46557,0.70444,4.0781,0.95828,5.4353,491.86,13078.0
0.38374,0.90624,0.59855,0.71994,3.7659,0.97812,6.0694,626.95,16818.0
0.38375,0.9422,0.58242,0.75053,3.6304,0.88183,6.3693,701.07,18895.0
0.38392,0.87393,0.44658,0.75311,3.9304,0.88572,5.5838,519.34,13875.0
0.38405,0.75859,0.48745,0.71576,3.7026,0.94342,6.3293,690.74,18608.0
0.38414,0.89728,0.56713,0.72177,3.7682,0.98899,6.0842,630.25,16916.0
0.38421,0.80639,0.5236,0.77983,3.8396,0.97028,5.9148,590.71,15827.0
0.38426,0.80815,0.54093,0.71388,3.7345,0.89044,6.0398,618.55,16621.0
0.38438,0.77841,0.48615,0.72217,3.7651,0.90289,6.152,646.17,17371.0
0.38441,0.68261,0.44325,0.70151,3.7631,0.9161,6.0674,624.84,16804.0
0.38443,0.66789,0.45394,0.79591,3.8351,0.88251,5.877,581.32,15591.0
0.38449,0.73982,0.59147,0.78357,3.7983,0.98738,5.8406,573.72,15365.0
0.38449,0.87893,0.53895,0.7007,3.8069,0.94296,5.8803,582.26,15610.0
0.38451,0.76509,0.58461,0.79811,4.089,0.96842,5.1083,432.88,11457.0
0.38456,0.70299,0.56596,0.77926,3.6359,0.93954,6.2499,669.43,18039.0
0.38476,0.72592,0.50486,0.76286,3.9126,0.94926,5.7497,554.59,14825.0
0.38476,0.6815,0.48801,0.71855,3.8732,0.98979,5.9059,588.86,15773.0
0.38481,0.78404,0.46312,0.76847,3.8664,0.9792,5.7267,548.54,14688.0
0.38482,0.90707,0.42259,0.72561,3.9912,0.97332,5.6002,523.39,13969.0
0.38493,0.79465,0.48674,0.7494,4.0438,0.9584,5.4377,491.97,13088.0
0.38498,0.91645,0.41489,0.78563,3.6833,0.96972,6.1422,641.48,17299.0
0.38553,0.80632,0.4197,0.76972,3.6534,0.89506,6.1856,651.79,17593.0
0.38558,0.79291,0.59277,0.79414,3.8302,0.97745,5.7527,554.73,14837.0
0.38559,0.87411,0.54778,0.7371,3.8385,0.8802,5.7171,546.49,14629.0
0.38572,0.85074,0.56401,0.78274,3.7134,0.94612,5.9011,585.47,15733.0
0.38576,0.91246,0.57639,0.77772,3.9004,0.9029,5.6825,540.51,14431.0
0.38576,0.69389,0.59241,0.74253,3.9032,0.97051,5.5516,513.31,13693.0
0.38584,0.85241,0.55136,0.77922,4.0375,0.94935,5.2623,459.23,12191.0
0.38586,0.82208,0.42357,0.73004,3.8306,0.9396,5.8407,572.74,15367.0
0.38589,0.67801,0.52585,0.79181,3.6944,0.88873,6.0979,631.75,17001.0
0.38591,0.65949,0.43088,0.76976,3.7393,0.88081,5.9587,598.3,16097.0
0.38602,0.78118,0.42629,0.79024,3.8633,0.94553,5.8175,568.1,15227.0
0.38607,0.78862,0.45257,0.71515,3.7965,0.97291,5.9783,604.09,16225.0
0.38614,0.88808,0.55663,0.7251,3.6524,0.98426,6.2895,679.94,18319.0
0.38619,0.82589,0.5172,0.73652,3.7642,0.91553,6.0366,618.03,16600.0
0.38621,0.77957,0.41925,0.7586,3.74,0.91718,6.1423,642.6,17302.0
0.38621,0.65757,0.5169,0.78049,3.9669,0.96302,5.6385,531.68,14182.0
0.38631,0.90972,0.51912,0.76651,3.9448,0.90255,5.657,535.25,14286.0
0.38637,0.7213,0.44541,0.75028,4.0768,0.97619,5.2844,463.09,12303.0
0.38646,0.87258,0.4851,0.7882,4.0274,0.91287,5.282,462.21,12288.0
0.38649,0.73125,0.55347,0.74251,3.7775,0.9682,5.8032,564.22,15136.0
0.38656,0.65897,0.53026,0.75017,3.9934,0.95054,5.3895,482.17,12832.0
0.38657,0.77744,0.48686,0.77754,4.0016,0.94043,5.4811,499.85,13315.0
0.38664,0.69209,0.48143,0.76388,3.6943,0.91693,6.2264,663.57,17876.0
0.38668,0.86725,0.59713,0.79646,3.8138,0.93206,5.6259,527.19,14102.0
0.38688,0.90424,0.40788,0.76963,3.8632,0.92088,5.8629,578.15,15503.0
0.38711,0.74909,0.43388,0.78403,3.9855,0.88471,5.5898,521.17,13909.0
0.38713,0.82636,0.57044,0.74584,3.632,0.88281,6.4153,713.36,19229.0
0.38717,0.74271,0.59572,0.72825,3.623,0.89862,6.1754,649.96,17519.0
0.38719,0.68189,0.49567,0.7167,3.7493,0.96831,6.0438,619.25,16645.0
0.38725,0.65043,0.59174,0.76119,4.0958,0.89971,5.2131,451.38,11951.0
0.38727,0.88388,0.49046,0.77576,3.6829,0.90783,6.3201,687.87,18538.0
0.38734,0.85482,0.51121,0.71961,3.8703,0.90737,5.775,559.44,14970.0
0.38739,0.88708,0.42209,0.74675,3.8619,0.90275,5.8691,579.63,15541.0
0.38749,0.83026,0.50499,0.74562,3.9796,0.92836,5.5501,513.47,13688.0
0.3875,0.87662,0.41211,0.70276,3.8519,0.98333,5.7551,553.69,14852.0
0.38751,0.92989,0.41152,0.7101,3.68,0.88775,6.1653,646.88,17454.0
0.38762,0.87058,0.42521,0.7894,3.6226,0.93775,6.276,674.38,18220.0
0.38762,0.74922,0.42317,0.74301,3.6549,0.92147,6.5271,743.34,20074.0
0.38762,0.84477,0.43547,0.72942,4.0212,0.94122,5.3965,483.23,12869.0
0.38767,0.74182,0.59945,0.76456,3.781,0.96698,5.8898,584.6,15664.0
0.38767,0.6516,0.53398,0.79819,3.717,0.91917,6.1596,647.54,17416.0
0.38777,0.76016,0.47736,0.7218,3.9907,0.88001,5.4682,497.06,13245.0
0.38792,0.94261,0.5125,0.75575,3.8493,0.89831,5.6438,530.67,14205.0
0.38802,0.73224,0.46426,0.74147,3.8787,0.91894,5.7734,558.82,14961.0
0.38808,0.79687,0.45066,0.70954,3.8698,0.93706,5.7195,546.73,14642.0
0.38824,0.91046,0.5383,0.72274,3.736,0.90401,5.91,587.36,15787.0
0.38825,0.692,0.55177,0.75568,3.6932,0.96348,6.1338,640.81,17239.0
0.38837,0.87438,0.45696,0.77142,3.9896,0.89603,5.3537,474.66,12646.0
0.38852,0.78643,0.42281,0.76732,3.6273,0.96997,6.3968,706.54,19091.0
0.38863,0.81682,0.45582,0.76263,4.0051,0.94206,5.5614,515.72,13750.0
0.38866,0.92586,0.47698,0.78714,3.9531,0.94984,5.4045,484.01,12906.0
0.38885,0.68748,0.56484,0.73919,3.778,0.89678,5.829,570.29,15289.0
0.38906,0.78373,0.44617,0.72929,3.9908,0.91547,5.4213,487.5,12996.0
0.38925,0.92059,0.50536,0.70128,3.6127,0.98186,6.4172,712.63,19240.0
0.38944,0.86362,0.56247,0.74559,3.7028,0.88428,5.9491,596.16,16031.0
0.38945,0.66104,0.55653,0.78205,4.0825,0.96165,5.1298,435.79,11543.0
0.38945,0.78158,0.57635,0.75102,3.9863,0.91825,5.4625,496.56,13211.0
0.38948,0.76934,0.46147,0.77318,4.0384,0.96559,5.3988,484.04,12880.0
0.3896,0.84563,0.49085,0.71836,3.8637,0.95637,5.6624,534.54,14310.0
0.38966,0.91038,0.59667,0.75327,3.7256,0.89068,5.8679,578.25,15523.0
0.3897,0.85515,0.58556,0.70434,3.6601,0.89613,6.1147,635.39,17107.0
0.38977,0.93984,0.4963,0.77323,3.9706,0.98664,5.4629,495.78,13213.0
0.3898,0.72409,0.50781,0.7965,3.6783,0.97191,6.0989,631.39,17003.0
0.38984,0.94772,0.50393,0.72054,3.8757,0.88573,5.665,535.61,14325.0
0.3899,0.68678,0.59573,0.75856,4.0165,0.88605,5.2841,462.83,12285.0
0.3901,0.93328,0.54783,0.76743,3.8856,0.90764,5.4971,501.42,13392.0
0.39026,0.8751,0.49281,0.79475,3.7956,0.92909,5.7114,544.11,14589.0
0.39028,0.79242,0.41595,0.72663,4.0589,0.95168,5.399,483.7,12872.0
0.39034,0.66389,0.51574,0.7392,3.9749,0.97396,5.4403,491.24,13083.0
0.39037,0.77665,0.4701,0.72351,3.6314,0.98422,6.5012,735.95,19872.0
0.39043,0.94359,0.52303,0.76546,3.7251,0.91175,6.1431,643.39,17303.0
0.39048,0.93868,0.4757,0.71459,3.6431,0.88067,6.1769,649.43,17528.0
0.39068,0.79328,0.45597,0.70943,3.729,0.91817,5.9622,598.53,16114.0
0.39076,0.86026,0.58251,0.74591,4.0769,0.97538,5.1993,448.14,11871.0
0.39078,0.71181,0.49668,0.72368,3.7421,0.98403,5.9544,597.76,16065.0
0.39086,0.76939,0.42388,0.73853,3.6476,0.8944,6.4968,734.56,19839.0
0.3911,0.65971,0.45989,0.78649,4.0105,0.92167,5.2744,459.89,12237.0
0.39116,0.76894,0.5476,0.78326,3.9326,0.91021,5.5638,515.79,13757.0
0.39124,0.90824,0.40192,0.75161,3.9797,0.98645,5.3934,481.28,12839.0
0.39133,0.6688,0.52714,0.78315,3.7103,0.94024,6.0628,623.32,16764.0
0.39133,0.74808,0.54149,0.78171,3.9127,0.89452,5.5991,522.7,13952.0
0.39135,0.68476,0.42505,0.73637,3.893,0.92588,5.7084,544.51,14576.0
0.39155,0.74544,0.56523,0.77286,4.0339,0.90088,5.2501,456.58,12116.0
0.39157,0.76607,0.49947,0.79983,3.6021,0.91609,6.3774,701.48,18944.0
0.39159,0.6697,0.45443,0.70294,4.0838,0.97966,5.3372,472.5,12554.0
0.39171,0.85805,0.50942,0.72611,3.6821,0.96197,6.1689,648.86,17474.0
0.39192,0.87223,0.59653,0.74392,3.9776,0.88999,5.3774,479.73,12753.0
0.39193,0.7729,0.56842,0.72459,3.7001,0.88998,6.0578,622.33,16730.0
0.39212,0.77039,0.45705,0.73297,4.0208,0.98051,5.4644,496.09,13212.0
0.39221,0.81629,0.55452,0.75774,3.6495,0.98597,6.0818,627.06,16885.0
0.39233,0.94731,0.47636,0.72547,3.7451,0.89276,6.119,637.25,17139.0
0.39268,0.82194,0.4645,0.78763,4.0603,0.94841,5.1962,446.52,11855.0
0.3927,0.94842,0.40644,0.71965,3.7915,0.91256,5.917,589.14,15830.0
0.39281,0.7661,0.57134,0.70776,3.9904,0.93548,5.3976,483.5,12857.0
0.39285,0.69217,0.49712,0.75618,3.7729,0.93035,5.941,595.12,15980.0
0.39288,0.94555,0.43148,0.7644,3.9732,0.93211,5.3804,478.93,12769.0
0.3929,0.79889,0.51353,0.72271,3.7298,0.89532,5.9546,597.7,16064.0
0.39301,0.78524,0.51424,0.71447,3.9092,0.91829,5.5633,514.62,13742.0
0.3931,0.80637,0.51018,0.71323,3.9832,0.91666,5.5481,512.64,13662.0
0.39317,0.79248,0.49799,0.77262,4.064,0.89522,5.1765,443.23,11760.0
0.39324,0.66465,0.52495,0.77804,3.696,0.94007,5.9755,602.1,16195.0
0.39327,0.81806,0.58557,0.73741,3.7731,0.88777,5.9378,595.24,15959.0
0.39329,0.68487,0.58525,0.77321,3.6138,0.90872,6.1391,640.84,17266.0
0.39331,0.76907,0.53261,0.76478,3.6451,0.96007,6.2446,667.64,17994.0
0.39344,0.93316,0.42315,0.71459,3.7033,0.95051,6.0623,622.05,16758.0
0.3936,0.87831,0.48831,0.77961,3.985,0.89535,5.5115,505.11,13462.0
0.39361,0.84038,0.53008,0.73565,3.6332,0.92393,6.3598,697.71,18816.0
0.3937,0.74274,0.48849,0.72879,4.0227,0.95249,5.3358,471.6,12542.0
0.39372,0.92986,0.56461,0.7781,4.0254,0.8939,5.3759,479.75,12746.0
0.39391,0.94387,0.46375,0.70567,3.687,0.93483,6.2513,669.49,18043.0
0.39397,0.71526,0.4516,0.76948,3.7052,0.93058,6.1447,642.62,17309.0
0.39405,0.7654,0.55536,0.70053,3.7562,0.91285,5.867,578.02,15516.0
0.39405,0.9343,0.55765,0.75443,3.6201,0.88476,6.128,637.73,17191.0
0.39407,0.68713,0.53514,0.75414,3.9401,0.93659,5.4131,485.38,12935.0
0.39407,0.78853,0.49818,0.71727,3.8058,0.97993,5.7664,555.68,14901.0
0.39424,0.89505,0.58724,0.72684,3.8771,0.95039,5.5793,518.01,13827.0
0.39429,0.87636,0.4546,0.72502,3.7502,0.88657,5.9022,585.26,15734.0
0.39447,0.6586,0.59004,0.72959,3.6922,0.97687,5.9871,605.39,16267.0
0.3945,0.80731,0.49124,0.75176,3.7292,0.91506,5.9648,599.83,16127.0
0.39451,0.89275,0.53107,0.75211,3.6179,0.94105,6.1431,641.11,17293.0
0.39469,0.9196,0.58438,0.77626,4.0245,0.8848,5.302,466.0,12370.0
0.39475,0.85183,0.58034,0.75213,3.639,0.92833,6.0794,626.44,16867.0
0.39481,0.81607,0.53571,0.75855,3.6088,0.9529,6.1177,634.51,17121.0
0.39492,0.75726,0.53505,0.74403,3.9237,0.94926,5.5383,509.94,13603.0
0.39506,0.93732,0.4391,0.71731,3.7851,0.9083,5.9458,595.9,16009.0
0.39511,0.8936,0.50074,0.7641,3.8303,0.88601,5.7778,558.77,14969.0
0.39527,0.89785,0.53996,0.71585,3.7251,0.94615,5.9104,587.23,15782.0
0.39538,0.93742,0.448,0.72538,4.012,0.95423,5.404,484.06,12891.0
0.39543,0.83425,0.45228,0.79227,3.7346,0.89204,6.004,608.84,16378.0
0.39559,0.86956,0.49624,0.77237,4.0196,0.96267,5.3541,474.98,12633.0
0.39576,0.72303,0.55871,0.74493,4.0407,0.93757,5.3242,470.1,12482.0
0.39579,0.7019,0.53387,0.7664,3.9202,0.89419,5.4815,498.51,13295.0
0.39588,0.67179,0.51056,0.79297,3.8352,0.90905,5.7724,557.71,14936.0
0.3959,0.6595,0.47771,0.70972,3.8163,0.88766,5.7215,545.74,14635.0
0.39592,0.68747,0.53082,0.77502,3.9932,0.92792,5.252,455.86,12120.0
0.39595,0.74625,0.5663,0.72844,3.9537,0.98879,5.4722,497.38,13246.0
0.396,0.66841,0.4269,0.7984,3.9224,0.97679,5.6724,536.83,14356.0
0.39602,0.70551,0.45386,0.71883,3.6698,0.95288,6.0797,625.71,16869.0
0.39607,0.8555,0.40357,0.79504,3.6599,0.96587,6.2027,655.88,17701.0
0.39613,0.76367,0.59738,0.77753,3.8152,0.93881,5.6771,537.57,14375.0
0.39643,0.87089,0.50865,0.76946,3.9941,0.9358,5.2918,463.09,12317.0
0.39646,0.69633,0.52137,0.70538,3.73,0.93778,5.9413,594.2,15967.0
0.39655,0.83704,0.45187,0.73485,3.9501,0.95245,5.5404,510.07,13615.0
0.39662,0.69154,0.56713,0.76595,3.7884,0.93369,5.7165,545.28,14602.0
0.39669,0.82738,0.40122,0.79773,3.9991,0.9063,5.3069,465.28,12393.0
0.39669,0.8518,0.41487,0.75197,3.9526,0.92194,5.4037,482.8,12886.0
0.39673,0.75926,0.47137,0.77685,3.6857,0.93169,6.0907,629.0,16943.0
0.39699,0.8603,0.59816,0.79876,3.8762,0.94509,5.5723,516.63,13786.0
0.39715,0.67921,0.59705,0.76533,4.006,0.95536,5.3006,465.52,12360.0
0.39718,0.91451,0.52291,0.75251,3.7906,0.9775,5.6857,538.09,14424.0
0.3973,0.6521,0.46048,0.7548,3.8852,0.91331,5.5864,518.54,13866.0
0.39731,0.74724,0.48302,0.7522,3.898,0.9612,5.5038,502.09,13413.0
0.39733,0.76189,0.59655,0.7661,3.8753,0.95633,5.5069,503.38,13428.0
0.39733,0.69268,0.56154,0.77162,3.9791,0.96486,5.2674,458.65,12194.0
0.39748,0.67761,0.46329,0.73792,3.9109,0.97476,5.4827,497.86,13300.0
0.39753,0.72699,0.5098,0.78764,3.8494,0.93002,5.7356,549.84,14717.0
0.3976,0.72175,0.47762,0.7453,4.0835,0.91515,5.2421,454.92,12074.0
0.39762,0.7332,0.59931,0.78687,3.8987,0.8892,5.4471,491.91,13108.0
0.3977,0.93954,0.43448,0.7375,3.778,0.92121,5.7547,551.95,14827.0
0.39773,0.69794,0.42189,0.74525,3.6405,0.88171,6.1416,640.23,17281.0
0.39792,0.86525,0.45713,0.73613,3.8821,0.90216,5.5616,513.28,13728.0
0.39799,0.80833,0.52831,0.75441,3.7132,0.91438,6.1105,634.92,17075.0
0.39801,0.92084,0.525,0.70861,3.845,0.97254,5.787,561.14,15021.0
0.39807,0.77376,0.58833,0.79413,3.6279,0.94192,6.2635,672.74,18122.0
0.39826,0.89757,0.57181,0.79811,3.7218,0.90718,5.932,592.39,15905.0
0.39853,0.72947,0.46852,0.70297,3.9402,0.89789,5.4776,497.34,13273.0
0.39857,0.75435,0.40517,0.78553,3.8563,0.93749,5.5584,511.96,13709.0
0.3986,0.87725,0.57667,0.71773,3.7432,0.95718,5.9079,587.24,15755.0
0.39871,0.86551,0.55478,0.76408,3.8047,0.89797,5.7557,553.88,14832.0
0.39871,0.72729,0.56077,0.7645,3.7379,0.89392,5.7472,550.7,14779.0
0.39886,0.78103,0.57116,0.70413,3.6923,0.9806,5.9459,594.7,15992.0
0.39905,0.75372,0.45565,0.74161,3.8656,0.91224,5.7233,546.96,14645.0
0.39931,0.91791,0.51252,0.78273,3.6234,0.97468,6.147,641.75,17305.0
0.3994,0.81646,0.56085,0.78898,3.7054,0.89519,5.916,588.26,15803.0
0.39943,0.75053,0.53287,0.76826,3.8516,0.91438,5.4899,498.78,13334.0
0.39946,0.70434,0.40755,0.78328,3.6594,0.95378,6.1368,638.95,17239.0
0.39947,0.84258,0.43248,0.78379,4.0427,0.92548,5.4222,487.74,12984.0
0.3997,0.86622,0.43216,0.75364,4.078,0.88683,5.3251,469.73,12486.0
0.39979,0.93498,0.4806,0.76975,3.6125,0.915,6.4003,707.55,19105.0
0.39983,0.74562,0.45353,0.79612,3.8174,0.92251,5.6119,522.64,14003.0
0.40003,0.90879,0.4658,0.78144,3.7898,0.89366,5.8613,576.31,15468.0
0.40012,0.72439,0.51298,0.71556,3.9206,0.9494,5.4625,494.28,13190.0
0.40024,0.67756,0.58807,0.77461,3.681,0.89623,6.0195,612.42,16461.0
0.40027,0.83142,0.52825,0.73298,3.7248,0.95445,5.8993,584.42,15700.0
0.40034,0.71121,0.47992,0.78905,3.7881,0.93439,5.8762,579.77,15559.0
0.40045,0.87335,0.50595,0.76165,3.7541,0.98475,5.8486,573.17,15388.0
0.40046,0.69011,0.47024,0.78702,3.9171,0.94771,5.4833,498.2,13301.0
0.40046,0.90784,0.53048,0.73842,3.8103,0.93027,5.6369,528.07,14143.0
0.40069,0.82134,0.50076,0.71208,3.7703,0.97106,5.767,554.91,14897.0
0.40079,0.90956,0.41275,0.77902,3.9122,0.92542,5.4336,488.01,13037.0
0.40091,0.76456,0.44306,0.79739,3.6105,0.93555,6.2037,655.09,17692.0
0.40095,0.65886,0.41863,0.76166,3.8663,0.9782,5.522,504.63,13508.0
0.40095,0.73523,0.4645,0.73367,3.6391,0.9689,6.1906,652.52,17603.0
0.40098,0.76876,0.49145,0.78481,4.0078,0.9749,5.196,445.63,11845.0
0.401,0.88642,0.42915,0.70345,3.6068,0.98227,6.3137,683.7,18475.0
0.40101,0.72834,0.57271,0.74289,3.8781,0.90955,5.5119,504.08,13451.0
0.40107,0.79021,0.46385,0.71659,3.8018,0.89221,5.8884,582.64,15635.0
0.40128,0.65541,0.50467,0.76348,4.0953,0.95175,5.1398,436.99,11581.0
0.40161,0.67535,0.53559,0.77203,3.8297,0.94435,5.6884,539.48,14437.0
0.40172,0.78578,0.4702,0.76796,4.0575,0.89244,5.11,431.02,11440.0
0.40179,0.83095,0.59418,0.75368,3.6926,0.89293,5.8471,572.4,15374.0
0.40186,0.75695,0.53402,0.73255,3.8478,0.98393,5.6496,531.53,14215.0
0.40193,0.90833,0.43476,0.73568,4.0938,0.98333,5.2539,456.77,12129.0
0.40204,0.81015,0.40724,0.76329,4.0755,0.96308,5.2256,451.28,11990.0
0.40205,0.89357,0.41046,0.75416,3.9936,0.97673,5.2756,459.18,12232.0
0.4021,0.74005,0.40425,0.76981,3.657,0.91107,6.1456,641.02,17296.0
0.40221,0.79675,0.42226,0.70963,3.6831,0.93855,5.9723,599.22,16157.0
0.40246,0.93048,0.44382,0.73548,3.8411,0.97349,5.6158,523.59,14024.0
0.4025,0.71393,0.52694,0.73441,3.6574,0.92798,6.0004,606.66,16335.0
0.40311,0.88377,0.57139,0.71618,3.7352,0.96787,5.8093,564.37,15145.0
0.40315,0.80109,0.59965,0.79799,4.0269,0.88007,5.144,437.48,11595.0
0.40316,0.89812,0.57368,0.77021,3.9978,0.91769,5.3108,466.9,12405.0
0.40316,0.82777,0.50285,0.74927,3.6561,0.9758,5.9538,595.23,16037.0
0.40317,0.76571,0.42154,0.71302,3.8546,0.90773,5.6213,524.8,14055.0
0.40318,0.93794,0.4456,0.76068,3.9555,0.89529,5.3259,468.15,12481.0
0.40334,0.79808,0.55654,0.70289,3.9357,0.90064,5.4278,488.13,13004.0
0.40336,0.94337,0.55785,0.76832,4.0953,0.9006,5.0159,416.16,11010.0
0.40343,0.92084,0.42085,0.76758,3.8961,0.89166,5.5903,519.04,13883.0
0.40358,0.84367,0.51346,0.72111,4.0335,0.88936,5.2398,453.91,12055.0
0.40358,0.91956,0.4458,0.73205,3.6905,0.95033,5.9654,598.33,16111.0
0.40363,0.94607,0.56009,0.7715,3.7248,0.96929,5.7112,542.51,14563.0
0.40389,0.67852,0.4352,0.7255,3.9524,0.97253,5.493,500.26,13352.0
0.40394,0.90096,0.4806,0.7429,3.6944,0.91119,5.9671,599.09,16122.0
0.40399,0.8529,0.49028,0.75042,3.6506,0.94442,6.2296,662.9,17871.0
0.40403,0.69046,0.40653,0.764,3.8322,0.9504,5.7811,558.54,14981.0
0.40419,0.70607,0.44805,0.72969,3.8252,0.95316,5.6537,531.32,14236.0
0.4042,0.91797,0.40399,0.76774,3.8774,0.88513,5.5134,503.06,13459.0
0.40425,0.75467,0.46028,0.74622,3.7335,0.98867,5.8155,564.86,15183.0
0.40428,0.86901,0.44178,0.7756,4.0262,0.9203,5.1836,443.31,11783.0
0.40433,0.91632,0.48069,0.77014,3.9141,0.93592,5.4907,499.57,13337.0
0.40446,0.65126,0.41497,0.70831,3.8789,0.91017,5.6931,540.25,14466.0
0.40458,0.78381,0.52193,0.79665,3.9742,0.96372,5.3691,477.09,12700.0
0.40459,0.93286,0.50509,0.76765,3.8393,0.96914,5.6895,539.53,14442.0
0.40468,0.87261,0.44133,0.79124,4.0543,0.89926,5.2577,456.92,12144.0
0.40481,0.75855,0.46996,0.76984,3.9597,0.97361,5.4338,488.95,13036.0
0.40481,0.86103,0.52115,0.79073,4.0406,0.97661,5.1694,441.47,11715.0
0.40483,0.92686,0.40743,0.7332,3.9401,0.98544,5.3826,478.28,12769.0
0.40486,0.65472,0.46606,0.709,3.9871,0.96382,5.3944,481.69,12831.0
0.40488,0.85651,0.479,0.75908,4.0418,0.90125,5.1544,438.55,11645.0
0.40493,0.84869,0.56104,0.77174,3.8837,0.92146,5.5526,512.16,13671.0
0.40494,0.88537,0.45347,0.77651,3.76,0.91097,5.7151,543.34,14587.0
0.40523,0.75671,0.56253,0.76928,3.8999,0.98884,5.4145,485.06,12931.0
0.40526,0.91344,0.44557,0.79828,4.0132,0.96309,5.329,469.52,12497.0
0.40531,0.73973,0.459,0.7385,4.0357,0.93011,5.2738,459.7,12222.0
0.40536,0.8764,0.40852,0.78588,3.7664,0.97112,5.8533,573.54,15413.0
0.40538,0.77919,0.40384,0.71605,3.6166,0.9372,6.1274,635.34,17168.0
0.40541,0.76182,0.47077,0.76675,3.834,0.90206,5.5349,506.99,13572.0
0.40541,0.7012,0.57743,0.77237,3.9938,0.89835,5.1767,442.45,11747.0
0.40549,0.85844,0.42242,0.72125,3.8451,0.93686,5.5829,516.46,13838.0
0.40557,0.78622,0.40238,0.71282,3.7891,0.92322,5.7781,557.13,14960.0
0.40557,0.75734,0.55451,0.78246,3.8453,0.92574,5.4653,494.01,13196.0
0.40557,0.82488,0.50153,0.78795,4.0517,0.93785,5.2382,453.71,12047.0
0.40559,0.91303,0.40864,0.79876,4.0109,0.93382,5.3099,465.72,12401.0
0.40566,0.79685,0.42227,0.72437,3.8293,0.96757,5.7517,552.12,14805.0
0.4057,0.78131,0.49988,0.7457,3.7981,0.93051,5.7365,548.92,14713.0
0.4057,0.75047,0.55544,0.73679,3.7001,0.92171,5.927,590.5,15867.0
0.40572,0.82794,0.54972,0.78056,3.9197,0.9641,5.3421,471.44,12558.0
0.40584,0.88537,0.456,0.76474,3.8181,0.92837,5.6602,532.58,14272.0
0.40587,0.76859,0.44463,0.77809,3.845,0.8936,5.7024,541.87,14516.0
0.40597,0.83234,0.57661,0.79802,3.7878,0.97314,5.5386,507.92,13589.0
0.40598,0.82087,0.58964,0.74015,3.6871,0.92813,5.92,589.0,15822.0
0.40598,0.69787,0.49467,0.77878,3.9509,0.96007,5.3702,476.77,12704.0
0.40602,0.90818,0.50391,0.7464,3.6262,0.97961,6.0713,622.91,16793.0
0.40613,0.82094,0.47263,0.72355,3.7136,0.98031,5.8811,579.41,15581.0
0.40623,0.902,0.50837,0.77693,3.6412,0.90509,5.9403,591.95,15948.0
0.4065,0.73973,0.57563,0.71999,3.9968,0.88464,5.2719,459.62,12208.0
0.40652,0.66292,0.55526,0.71565,3.9093,0.96096,5.4116,484.33,12915.0
0.40676,0.8799,0.58492,0.77735,3.9662,0.95056,5.1746,441.63,11735.0
0.40676,0.76896,0.53277,0.79231,3.7759,0.89919,5.7314,547.71,14681.0
0.40682,0.72669,0.55259,0.79176,3.65,0.89171,5.8888,580.75,15625.0
0.40699,0.87904,0.53053,0.73592,3.8774,0.91334,5.4708,495.34,13226.0
0.40706,0.71564,0.51616,0.77637,3.7024,0.88441,5.8418,570.68,15338.0
0.40706,0.70407,0.49158,0.79391,3.7313,0.92901,5.9373,592.82,15932.0
0.40708,0.69561,0.47549,0.72421,3.7545,0.92597,5.7463,549.89,14768.0
0.40714,0.85748,0.54039,0.79474,3.9482,0.88562,5.2071,446.9,11890.0
0.40724,0.71194,0.46354,0.7765,3.6474,0.92618,6.1712,647.67,17465.0
0.40742,0.82038,0.54851,0.77149,3.7836,0.89366,5.5559,510.88,13683.0
0.40748,0.76264,0.58932,0.71646,3.9053,0.93776,5.3981,481.94,12844.0
0.40754,0.72367,0.49209,0.73141,4.0786,0.9792,5.1259,434.08,11509.0
0.4076,0.86014,0.46625,0.78721,3.7818,0.91547,5.7866,559.3,15008.0
0.40766,0.9207,0.5698,0.78091,3.9763,0.97831,5.1416,435.85,11579.0
0.40771,0.65534,0.58947,0.79892,4.0362,0.94105,5.102,430.12,11395.0
0.40778,0.86902,0.43606,0.77831,3.6846,0.88511,5.8387,568.88,15319.0
0.40783,0.66467,0.43449,0.75955,3.7079,0.89127,5.814,563.72,15170.0
0.40787,0.8553,0.46294,0.79819,3.6545,0.9003,5.8779,577.47,15557.0
0.40794,0.89755,0.47939,0.73451,3.693,0.91942,5.9464,594.14,15987.0
0.40808,0.76511,0.48066,0.77908,4.0817,0.90863,5.0128,414.86,10993.0
0.40822,0.88816,0.42716,0.71573,3.7606,0.98234,5.7618,553.01,14859.0
0.40824,0.77759,0.48904,0.71147,3.7653,0.92971,5.7355,547.83,14704.0
0.40829,0.8714,0.56914,0.79993,3.9579,0.91196,5.2456,454.24,12076.0
0.40832,0.89001,0.52738,0.78376,3.976,0.89834,5.3461,472.7,12579.0
0.40837,0.86605,0.44477,0.70501,3.6657,0.92661,5.9792,600.74,16195.0
0.40837,0.79009,0.51312,0.71649,3.9801,0.90589,5.3759,478.27,12732.0
0.40852,0.92201,0.58486,0.71568,3.661,0.89552,5.9264,589.67,15858.0
0.40855,0.76701,0.57208,0.77316,4.0803,0.95149,5.0649,424.17,11226.0
0.40865,0.73628,0.47432,0.7004,3.7373,0.97916,5.8628,575.63,15467.0
0.40872,0.68991,0.5755,0.79731,3.9099,0.93051,5.4102,484.35,12905.0
0.40902,0.89632,0.45398,0.78549,4.0311,0.88975,5.1125,430.9,11445.0
0.40914,0.90463,0.557,0.79381,4.0925,0.90614,4.9184,400.07,10578.0
0.40914,0.91107,0.40656,0.71641,3.993,0.88281,5.416,485.41,12941.0
0.4093,0.89217,0.54401,0.73586,3.6357,0.98487,5.9847,602.59,16227.0
0.40937,0.90023,0.42866,0.72441,3.9715,0.93175,5.3261,468.22,12478.0
0.4094,0.71803,0.48923,0.79257,3.7786,0.9313,5.7524,551.87,14803.0
0.40954,0.78905,0.49565,0.73781,3.9951,0.91818,5.2203,449.52,11954.0
0.40959,0.68902,0.58435,0.71093,4.0319,0.88558,5.1942,446.02,11828.0
0.40962,0.92421,0.5472,0.75038,3.6418,0.88793,5.9117,585.49,15765.0
0.40963,0.93644,0.43604,0.70674,3.736,0.92491,5.781,556.6,14972.0
0.40972,0.73782,0.447,0.77488,4.0635,0.95491,5.1312,434.47,11532.0
0.40974,0.79685,0.47963,0.76046,3.8315,0.91804,5.6861,538.34,14417.0
0.40975,0.68839,0.51941,0.72784,3.8845,0.9818,5.5027,501.66,13395.0
0.40977,0.71585,0.42634,0.74655,4.0696,0.91729,5.176,442.25,11745.0
0.40996,0.90084,0.54044,0.75656,3.7942,0.97402,5.5832,516.68,13832.0
0.41,0.93304,0.47807,0.73465,3.9821,0.98049,5.3397,471.18,12546.0
0.41012,0.70129,0.40916,0.7937,3.9399,0.89687,5.3818,478.13,12760.0
0.41022,0.92694,0.57546,0.72126,3.864,0.88221,5.4784,496.92,13262.0
0.41024,0.85966,0.40144,0.70112,3.8726,0.90807,5.5359,507.18,13576.0
0.41024,0.79537,0.5846,0.79496,4.0488,0.90003,5.03,417.99,11065.0
0.41032,0.89974,0.52745,0.76228,4.0638,0.98767,5.1284,434.46,11518.0
0.41039,0.83751,0.41246,0.71196,3.6525,0.89604,6.1472,641.24,17299.0
0.4104,0.80204,0.4349,0.79443,3.8914,0.92607,5.4758,495.81,13251.0
0.41042,0.68199,0.51354,0.70328,3.7757,0.98147,5.6653,532.95,14295.0
0.41042,0.92716,0.5345,0.72747,3.7728,0.88042,5.6496,529.9,14205.0
0.41049,0.83817,0.57716,0.78498,3.924,0.89117,5.3543,473.85,12616.0
0.41061,0.81019,0.50313,0.71122,3.6395,0.95748,6.1684,647.12,17442.0
0.41076,0.78309,0.44032,0.76125,3.7738,0.9638,5.7851,558.55,14996.0
0.41079,0.73483,0.56164,0.79932,3.754,0.9315,5.6941,539.5,14459.0
0.41092,0.73267,0.52283,0.78432,3.6749,0.9236,5.863,574.96,15463.0
0.41109,0.89306,0.44616,0.79717,3.7242,0.97739,5.865,575.62,15478.0
0.41115,0.82848,0.43332,0.73345,3.6487,0.9141,5.9328,589.36,15898.0
0.41171,0.94742,0.44673,0.7997,3.7392,0.96019,5.927,590.07,15864.0
0.41185,0.70484,0.58138,0.72034,3.6618,0.92939,5.9036,584.47,15713.0
0.41193,0.766,0.4933,0.73336,3.8793,0.91532,5.493,499.4,13341.0
0.41193,0.92207,0.42172,0.76232,3.9327,0.90308,5.3153,465.51,12420.0
0.412,0.8971,0.43775,0.74115,3.7052,0.98742,5.8018,560.82,15093.0
0.41206,0.92642,0.56331,0.76674,4.0504,0.92496,5.1438,437.15,11587.0
0.41209,0.87416,0.55372,0.7307,3.8962,0.987,5.3782,477.64,12736.0
0.41213,0.68258,0.55696,0.7209,3.8027,0.90845,5.5875,517.71,13854.0
0.41226,0.93748,0.47613,0.72687,3.7808,0.96585,5.6089,520.88,13975.0
0.41233,0.72588,0.48827,0.75327,3.8956,0.89516,5.3276,467.49,12480.0
0.41244,0.79299,0.5039,0.74532,4.082,0.96334,5.1519,438.54,11628.0
0.41253,0.78387,0.41868,0.76249,3.8413,0.98016,5.6616,532.79,14275.0
0.41259,0.93506,0.49172,0.73046,3.6873,0.89202,5.8572,573.48,15427.0
0.41263,0.67342,0.41559,0.78204,3.7767,0.96079,5.8049,562.76,15114.0
0.41272,0.72028,0.51218,0.7859,3.9902,0.94516,5.2154,448.68,11927.0
0.41273,0.7665,0.44454,0.74644,3.7048,0.91243,5.7726,554.34,14917.0
0.41274,0.82153,0.54173,0.78131,3.8021,0.95067,5.4797,495.82,13266.0
0.41291,0.77718,0.52343,0.755,4.0139,0.9093,5.1028,429.18,11395.0
0.41294,0.81936,0.47333,0.77369,3.8903,0.93218,5.3312,468.08,12497.0
0.4131,0.74779,0.45334,0.78185,4.0497,0.90922,5.0652,422.99,11224.0
0.41322,0.6513,0.47927,0.74153,3.6275,0.9428,6.1684,646.6,17439.0
0.41324,0.93674,0.59216,0.7016,3.6172,0.94852,5.9828,601.85,16211.0
0.41343,0.9443,0.5474,0.79459,3.9969,0.88022,5.2258,450.84,11977.0
0.41344,0.803,0.4525,0.78544,3.6184,0.96234,5.9358,589.89,15913.0
0.41347,0.71711,0.40216,0.72528,3.7957,0.88114,5.7398,548.66,14726.0
0.41347,0.66279,0.53125,0.7726,3.7785,0.9196,5.7569,553.11,14826.0
0.41354,0.85795,0.47023,0.71743,4.0859,0.91441,5.1454,437.21,11597.0
0.41364,0.75598,0.54046,0.72837,3.8581,0.91981,5.5522,511.28,13660.0
0.41371,0.80152,0.58597,0.77962,3.7965,0.89645,5.6195,524.56,14031.0
0.41375,0.93279,0.5791,0.75316,3.6818,0.97278,5.7282,545.33,14652.0
0.41381,0.94649,0.53277,0.74923,3.6954,0.93384,5.7818,557.14,14970.0
0.41396,0.70417,0.45691,0.70858,3.6498,0.94929,5.978,600.38,16181.0
0.41397,0.90822,0.57193,0.70321,3.7971,0.96286,5.6186,524.26,14026.0
0.41404,0.89413,0.53424,0.7606,3.7092,0.89637,5.8542,573.59,15408.0
0.41407,0.90824,0.4873,0.70157,3.9856,0.90233,5.3226,467.96,12456.0
0.41408,0.725,0.45708,0.73154,3.6924,0.93823,5.7961,559.29,15056.0
0.41422,0.6897,0.52662,0.72042,3.7557,0.98792,5.6891,537.99,14427.0
0.41455,0.93441,0.42923,0.78952,3.8527,0.92087,5.6454,529.58,14182.0
0.41456,0.87472,0.5773,0.72871,3.9039,0.98049,5.3625,475.01,12654.0
0.41463,0.7252,0.50963,0.71792,4.0257,0.92892,5.1991,446.13,11848.0
0.41472,0.70417,0.43719,0.75985,3.7843,0.91316,5.667,533.12,14302.0
0.41489,0.65887,0.45343,0.70987,3.7068,0.94697,5.8235,565.79,15221.0
0.41503,0.77816,0.42104,0.79256,3.6361,0.91117,6.1963,653.27,17630.0
0.41507,0.85614,0.4634,0.70599,4.0131,0.96974,5.2469,454.23,12080.0
0.41507,0.72639,0.45845,0.72636,3.6396,0.98355,5.9479,592.96,15989.0
0.41513,0.87842,0.41979,0.78421,3.6779,0.90797,5.8811,578.18,15572.0
0.41533,0.76375,0.58834,0.79599,3.6341,0.96761,5.7777,555.51,14941.0
0.41537,0.76673,0.56833,0.70357,3.8232,0.90452,5.5575,512.02,13686.0
0.41543,0.89033,0.41378,0.79294,4.0089,0.94995,5.2508,454.6,12099.0
0.41553,0.77513,0.50647,0.76114,4.0622,0.98433,5.1185,432.42,11467.0
0.41555,0.88828,0.48213,0.76826,3.6499,0.96141,6.0,605.82,16321.0
0.4156,0.69396,0.44668,0.71601,4.0387,0.96195,5.2105,447.91,11904.0
0.41576,0.91867,0.53645,0.79873,3.7431,0.90673,5.7633,553.93,14860.0
0.41582,0.94686,0.47969,0.77714,4.0906,0.97546,5.0877,427.31,11326.0
0.41587,0.708,0.48559,0.77252,4.0901,0.95985,5.0246,416.76,11039.0
0.41609,0.93571,0.55991,0.79867,3.985,0.9146,5.0602,421.82,11195.0
0.41614,0.74834,0.44616,0.79767,3.6376,0.89988,5.95,593.51,16001.0
0.4163,0.80472,0.4796,0.78708,3.6798,0.9721,5.7537,550.2,14801.0
0.41634,0.79418,0.50685,0.70872,3.7914,0.8826,5.6726,534.89,14332.0
0.41639,0.91323,0.57687,0.78641,3.975,0.97484,5.1763,441.88,11735.0
0.4164,0.74971,0.46127,0.7439,3.6575,0.92172,5.9749,599.83,16159.0
0.41661,0.74209,0.54209,0.7614,3.7798,0.94483,5.5485,509.23,13634.0
0.41666,0.75681,0.49431,0.75476,3.9853,0.9858,5.1475,436.27,11600.0
0.41673,0.84902,0.41926,0.71377,4.0508,0.98436,5.1252,432.87,11499.0
0.41684,0.6907,0.48772,0.70973,3.6088,0.98523,6.0554,618.38,16679.0
0.41693,0.77097,0.45893,0.73556,3.8378,0.90435,5.6583,532.2,14252.0
0.41715,0.79913,0.54987,0.77099,3.905,0.89749,5.2782,459.03,12227.0
0.41718,0.87652,0.44083,0.79444,3.7179,0.92349,5.843,570.38,15338.0
0.4173,0.80174,0.49305,0.78229,3.9646,0.95347,5.1993,445.22,11845.0
0.41735,0.73173,0.43771,0.77273,3.9454,0.90328,5.2965,462.22,12321.0
0.41737,0.8202,0.43763,0.72536,3.7911,0.96429,5.6157,522.42,14008.0
0.4175,0.68664,0.54051,0.78402,3.8343,0.98759,5.513,502.94,13442.0
0.41752,0.7005,0.49624,0.72505,3.691,0.92603,5.798,560.14,15064.0
0.41774,0.67431,0.45411,0.71626,3.6783,0.96721,5.9177,586.79,15798.0
0.41776,0.84928,0.47418,0.71846,3.637,0.91311,6.0499,617.44,16643.0
0.41795,0.81692,0.4552,0.78195,3.7381,0.97153,5.8496,572.29,15379.0
0.41797,0.80951,0.57316,0.73165,3.8493,0.9667,5.4245,485.92,12970.0
0.41803,0.66261,0.5692,0.75942,3.8881,0.9293,5.3896,479.78,12790.0
0.41815,0.68927,0.59452,0.76912,4.0984,0.91859,4.8952,396.47,10470.0
0.41835,0.72862,0.48785,0.75572,4.0052,0.88307,5.0914,426.75,11338.0
0.41868,0.79888,0.41757,0.74944,4.0654,0.89057,5.0976,428.28,11369.0
0.41894,0.91724,0.41157,0.71476,3.7253,0.97912,5.7675,553.49,14883.0
0.41902,0.91382,0.46221,0.70648,3.6311,0.91696,5.9871,602.19,16235.0
0.41922,0.76415,0.44047,0.75355,3.9594,0.96263,5.3724,476.54,12705.0
0.41954,0.89419,0.53682,0.79736,3.7126,0.95445,5.7959,560.51,15050.0
0.41957,0.7555,0.40874,0.74388,3.7711,0.97045,5.6137,521.41,13995.0
0.41957,0.726,0.5023,0.7696,3.9024,0.93366,5.4164,484.59,12930.0
0.41969,0.6947,0.51548,0.74483,3.9069,0.98384,5.3683,475.54,12680.0
0.41977,0.68323,0.42001,0.70964,3.6015,0.92893,6.0235,609.6,16468.0
0.41987,0.93129,0.57692,0.79431,3.9766,0.88634,5.0322,416.97,11065.0
0.41989,0.83081,0.47792,0.78784,3.6182,0.93179,5.9393,590.86,15929.0
0.41996,0.94235,0.51855,0.75473,3.8034,0.97867,5.5164,502.92,13457.0
0.41999,0.80443,0.44397,0.70142,3.6522,0.91488,6.0309,612.84,16518.0
0.42002,0.79414,0.55632,0.77137,3.9302,0.97547,5.2385,452.14,12030.0
0.42006,0.79726,0.47774,0.70301,3.9329,0.9866,5.3176,466.08,12424.0
0.42032,0.73459,0.41069,0.79529,4.0932,0.95368,5.1333,434.63,11535.0
0.42035,0.80245,0.55712,0.7531,3.6044,0.91707,6.077,624.16,16817.0
0.42048,0.93089,0.50013,0.73047,3.6494,0.93263,5.8239,564.91,15216.0
0.42058,0.85569,0.59099,0.75735,3.6968,0.91374,5.6733,534.03,14328.0
0.42063,0.7907,0.52353,0.70344,3.7272,0.98974,5.7952,560.46,15046.0
0.42067,0.8314,0.58404,0.78368,3.6331,0.88471,5.7921,558.71,15023.0
0.42074,0.77272,0.51201,0.7147,3.7733,0.92904,5.5831,515.66,13822.0
0.42076,0.79597,0.47306,0.77304,3.8732,0.94315,5.3807,477.12,12742.0
0.42093,0.71028,0.59395,0.72996,3.7098,0.98796,5.6867,537.17,14406.0
0.42107,0.77926,0.40742,0.79096,3.7073,0.95077,5.6859,535.53,14402.0
0.42123,0.80789,0.4443,0.70162,3.7075,0.88719,5.9058,584.41,15722.0
0.42128,0.85345,0.40148,0.7096,4.0022,0.91131,5.1806,441.64,11755.0
0.42129,0.83019,0.482,0.79229,4.0103,0.88154,5.175,441.31,11727.0
0.42134,0.80527,0.58318,0.75959,3.6312,0.88636,5.9424,592.79,15947.0
0.4214,0.86561,0.42207,0.77136,3.9361,0.96878,5.2152,447.07,11919.0
0.42142,0.65385,0.50583,0.72556,4.0097,0.89506,5.1401,435.36,11562.0
0.42146,0.80664,0.41108,0.75937,4.0334,0.93803,5.1946,444.63,11822.0
0.42147,0.7927,0.41036,0.79943,4.0101,0.92578,5.0444,418.5,11122.0
0.42151,0.92062,0.54665,0.72141,3.9036,0.90585,5.3261,467.73,12463.0
0.42151,0.87225,0.48292,0.78239,3.8127,0.9269,5.607,521.19,13957.0
0.42157,0.80754,0.53695,0.74819,3.731,0.88061,5.5838,515.24,13824.0
0.42163,0.79453,0.49466,0.73082,3.7425,0.9782,5.7568,552.0,14817.0
0.42182,0.66761,0.54535,0.71235,3.8489,0.93922,5.4915,498.78,13323.0
0.42183,0.93842,0.44855,0.71963,3.6377,0.96827,6.0702,622.08,16774.0
0.42203,0.67259,0.57087,0.74723,4.0951,0.97458,4.9048,397.61,10509.0
0.42223,0.84911,0.42285,0.76614,3.7735,0.88948,5.5409,506.55,13589.0
0.42224,0.77694,0.44108,0.78438,3.7263,0.93248,5.6036,518.7,13934.0
0.42229,0.84647,0.40699,0.72765,3.6179,0.89593,5.9805,599.89,16190.0
0.42234,0.83282,0.48199,0.75526,3.8749,0.88685,5.3361,468.68,12513.0
0.42248,0.92194,0.41399,0.77356,3.6209,0.94078,6.0154,608.27,16414.0
0.4226,0.66559,0.59238,0.76537,3.6528,0.93529,5.7231,543.82,14614.0
0.42292,0.93538,0.4091,0.7605,4.0146,0.96293,5.0775,424.01,11272.0
0.42296,0.88756,0.42703,0.74204,3.9526,0.89889,5.2252,449.1,11966.0
0.42298,0.75747,0.41375,0.75048,3.8361,0.96099,5.5769,514.83,13789.0
0.42301,0.76773,0.50844,0.76868,3.7894,0.89295,5.6354,526.89,14114.0
0.42309,0.72013,0.51147,0.77677,3.6121,0.92166,5.8505,570.54,15375.0
0.42309,0.87203,0.49666,0.71661,3.8078,0.94005,5.5293,505.33,13525.0
0.42346,0.88626,0.50003,0.7062,3.8044,0.93487,5.5458,508.62,13615.0
0.42347,0.94455,0.47152,0.70368,3.6097,0.97606,6.0155,608.53,16413.0
0.42351,0.7275,0.43488,0.79171,4.0732,0.98841,4.984,409.38,10853.0
0.42381,0.94413,0.49586,0.78913,4.0945,0.97555,5.0245,416.59,11032.0
0.42387,0.87272,0.45777,0.73759,3.9515,0.94345,5.1773,440.57,11735.0
0.42399,0.8356,0.5563,0.79614,3.7944,0.9607,5.4014,480.42,12843.0
0.42405,0.78051,0.59135,0.78933,4.0472,0.88696,4.9099,398.0,10527.0
0.42421,0.81639,0.51293,0.79255,3.9537,0.95201,5.1255,432.11,11489.0
0.42424,0.69533,0.44536,0.79847,4.0044,0.90607,5.0853,425.46,11306.0
0.42443,0.85632,0.59015,0.78251,3.6835,0.88897,5.5869,515.56,13836.0
0.42457,0.65968,0.43793,0.73047,3.6952,0.88667,5.9126,585.66,15761.0
0.42476,0.84409,0.47883,0.77885,4.0753,0.8868,4.9956,411.48,10902.0
0.42514,0.84701,0.44453,0.78581,3.7249,0.93232,5.6272,523.65,14064.0
0.42517,0.80383,0.59031,0.72803,3.645,0.97163,5.878,578.21,15542.0
0.42539,0.92428,0.54703,0.79398,3.6625,0.93246,5.6521,528.46,14203.0
0.42545,0.8977,0.47262,0.74256,3.7576,0.91082,5.6226,523.4,14039.0
0.42553,0.91845,0.5068,0.75117,3.6784,0.92529,5.7583,551.28,14820.0
0.42554,0.74448,0.52817,0.78687,4.0248,0.88804,5.033,417.36,11066.0
0.42566,0.66531,0.52294,0.73288,3.7816,0.9196,5.4673,492.41,13189.0
0.42573,0.75643,0.40176,0.76254,3.9136,0.93722,5.2782,458.0,12223.0
0.42578,0.88436,0.58907,0.73213,3.7183,0.96556,5.61,520.9,13965.0
0.42586,0.79539,0.41086,0.79167,3.9881,0.96278,5.2812,459.55,12240.0
0.42597,0.82517,0.42582,0.71258,3.7385,0.88229,5.6463,527.49,14173.0
0.42602,0.80152,0.49901,0.71836,3.8324,0.89874,5.401,480.16,12842.0
0.42606,0.87447,0.41206,0.77119,3.9102,0.90529,5.4289,486.33,12991.0
0.42611,0.76033,0.46031,0.76965,3.9428,0.90108,5.1602,437.55,11651.0
0.42616,0.76367,0.46967,0.77506,4.0793,0.96858,4.9284,400.57,10607.0
0.42617,0.85414,0.40911,0.75779,3.782,0.97185,5.5786,514.27,13794.0
0.42618,0.91371,0.42162,0.70087,4.0086,0.89324,5.1341,433.52,11531.0
0.42637,0.8125,0.54911,0.74471,4.0894,0.92425,4.9152,399.02,10549.0
0.42639,0.80656,0.45085,0.78202,3.729,0.89538,5.8195,565.18,15188.0
0.42644,0.84938,0.51185,0.72001,3.8592,0.96656,5.3696,474.82,12680.0
0.42663,0.85154,0.51781,0.75868,3.8058,0.94983,5.4123,482.24,12899.0
0.42664,0.86208,0.5295,0.76277,3.7783,0.90083,5.474,494.02,13223.0
0.42675,0.72135,0.58651,0.73319,3.7471,0.9227,5.6243,524.5,14046.0
0.42692,0.88453,0.53394,0.7714,4.0678,0.95402,4.8791,392.85,10396.0
0.42706,0.86108,0.47529,0.78277,3.968,0.97564,5.1558,437.21,11630.0
0.42707,0.82856,0.45043,0.76955,3.8827,0.96771,5.2831,458.73,12244.0
0.42726,0.87709,0.44376,0.7591,3.8519,0.91216,5.3149,463.9,12403.0
0.42726,0.94792,0.54709,0.728,3.8993,0.9735,5.2379,451.16,12021.0
0.42734,0.93433,0.58182,0.70473,3.6663,0.89804,5.7141,541.61,14558.0
0.42752,0.73428,0.5055,0.78096,3.9565,0.9114,5.1536,436.86,11618.0
0.42758,0.70231,0.59363,0.78595,3.8669,0.89633,5.3377,469.62,12515.0
0.42762,0.75763,0.50688,0.76196,3.972,0.92504,5.0903,426.08,11324.0
0.42785,0.78439,0.49344,0.75957,4.046,0.96537,4.9629,405.75,10755.0
0.42792,0.79574,0.403,0.77184,3.6501,0.91639,5.8852,578.26,15586.0
0.4282,0.72137,0.44515,0.78277,3.6772,0.92525,5.8688,575.31,15485.0
0.42831,0.94066,0.53757,0.72513,3.6369,0.90235,5.7886,557.12,14997.0
0.42832,0.87895,0.45672,0.70996,3.7448,0.97622,5.6264,523.72,14058.0
0.42845,0.86225,0.56064,0.74647,3.717,0.90732,5.686,536.74,14396.0
0.42849,0.83345,0.50872,0.78592,3.6999,0.88925,5.6947,537.88,14446.0
0.42868,0.90651,0.42455,0.70477,3.6806,0.96241,5.7327,544.58,14668.0
0.42869,0.8735,0.52472,0.79059,3.862,0.95262,5.4181,484.28,12929.0
0.42894,0.82946,0.51381,0.78298,4.0044,0.94585,5.0855,425.73,11302.0
0.42907,0.86367,0.44832,0.73616,3.628,0.95601,5.8335,566.28,15268.0
0.42926,0.7353,0.54915,0.77448,3.9018,0.88905,5.176,440.28,11721.0
0.42934,0.75172,0.50983,0.71824,3.7737,0.9272,5.505,499.68,13388.0
0.42954,0.73984,0.56137,0.70101,3.6126,0.89817,5.8917,580.29,15623.0
0.42964,0.92391,0.47211,0.7333,4.0126,0.94036,5.0578,420.86,11176.0
0.42972,0.6638,0.46659,0.77183,3.8165,0.91023,5.3854,476.92,12758.0
0.42981,0.75648,0.46808,0.76753,4.011,0.96061,5.1358,434.15,11536.0
0.42985,0.84426,0.40023,0.77241,3.9862,0.93679,5.1032,427.88,11384.0
0.42987,0.65241,0.53265,0.74823,3.8466,0.89802,5.3188,465.2,12418.0
0.4299,0.69105,0.50171,0.77057,4.0332,0.95534,5.0056,412.62,10941.0
0.43027,0.77939,0.47164,0.77151,3.7202,0.93481,5.7453,548.79,14742.0
0.43079,0.75358,0.54925,0.78538,3.8977,0.96502,5.1586,437.15,11637.0
0.43099,0.70929,0.49822,0.70524,3.6111,0.96077,5.8589,571.83,15420.0
0.43099,0.84452,0.52213,0.70994,3.6841,0.98159,5.7693,553.83,14881.0
0.43103,0.87431,0.41245,0.78073,3.6287,0.92279,6.0187,609.05,16429.0
0.4312,0.65214,0.41299,0.74903,4.0129,0.8823,5.0217,414.39,11013.0
0.43145,0.69266,0.4876,0.79376,3.9381,0.911,5.2,444.58,11836.0
0.43159,0.65883,0.50365,0.78517,4.0651,0.93555,4.9726,407.56,10795.0
0.43185,0.77586,0.40125,0.70927,4.0255,0.89524,5.0537,419.78,11157.0
0.43204,0.72704,0.563,0.72947,3.8699,0.96471,5.3127,464.64,12386.0
0.43206,0.72587,0.51911,0.78406,3.8433,0.92742,5.2563,453.53,12106.0
0.43212,0.78787,0.52385,0.73249,3.898,0.9847,5.2672,456.37,12161.0
0.43217,0.77145,0.50871,0.70994,3.6887,0.9516,5.6744,533.0,14326.0
0.43221,0.85647,0.44905,0.77446,3.8071,0.91074,5.5209,503.09,13473.0
0.43224,0.92654,0.41221,0.79918,4.0959,0.94343,4.8206,383.45,10150.0
0.43253,0.69325,0.46001,0.76188,3.73,0.97249,5.6018,518.43,13916.0
0.43283,0.81759,0.45394,0.77086,3.8602,0.98909,5.3373,468.32,12511.0
0.43286,0.66631,0.53711,0.79171,3.773,0.98418,5.5206,503.16,13469.0
0.4329,0.9362,0.57971,0.79025,3.9613,0.97473,5.0923,426.7,11328.0
0.43339,0.7643,0.46275,0.74928,3.8276,0.93313,5.3248,465.35,12447.0
0.43343,0.82458,0.41512,0.72873,4.0086,0.90997,5.1099,429.26,11412.0
0.43356,0.70265,0.53055,0.76535,3.7149,0.88491,5.5893,516.14,13844.0
0.43389,0.75435,0.59584,0.78887,3.8169,0.8951,5.2569,453.8,12106.0
0.4339,0.75462,0.58374,0.79298,3.7404,0.88169,5.4097,481.15,12877.0
0.43391,0.81059,0.45362,0.7953,3.8229,0.92576,5.4552,490.31,13120.0
0.43402,0.93863,0.44588,0.77087,3.9803,0.91953,5.0827,424.43,11285.0
0.43411,0.73422,0.40664,0.75329,3.9004,0.93213,5.3135,464.12,12392.0
0.43413,0.68672,0.49146,0.79639,3.6444,0.90133,5.6759,532.71,14332.0
0.43422,0.65596,0.54081,0.70063,3.7657,0.9314,5.4862,495.85,13282.0
0.43425,0.93724,0.45385,0.73762,3.7546,0.91045,5.4739,492.65,13218.0
0.43427,0.9312,0.46396,0.7232,3.7929,0.89533,5.5103,500.82,13413.0
0.43441,0.92375,0.54241,0.71423,3.8541,0.98636,5.3,461.68,12321.0
0.43451,0.87221,0.59952,0.71928,4.0119,0.97268,5.0008,412.04,10913.0
0.43456,0.83078,0.52289,0.71752,3.8841,0.89992,5.2569,454.16,12108.0
0.43498,0.73607,0.52988,0.78707,3.9369,0.96767,5.0379,416.72,11079.0
0.435,0.7622,0.52345,0.77363,4.0316,0.98006,4.9644,405.86,10754.0
0.43528,0.69414,0.57182,0.75323,3.9584,0.96793,5.0671,422.27,11210.0
0.43528,0.76217,0.49228,0.7608,3.6649,0.93058,5.7251,543.57,14617.0
0.4353,0.84526,0.4353,0.76415,3.823,0.90672,5.5281,504.6,13511.0
0.43532,0.66493,0.41109,0.74901,3.6217,0.88442,5.8999,581.06,15671.0
0.43551,0.7126,0.43368,0.74667,3.8333,0.91971,5.3224,464.79,12433.0
0.43567,0.92024,0.45582,0.72267,3.7423,0.97821,5.5222,502.06,13476.0
0.43578,0.77913,0.5216,0.71128,3.6242,0.88555,5.8969,581.31,15651.0
0.43599,0.8391,0.45328,0.76504,4.0174,0.98359,4.9694,406.06,10777.0
0.43609,0.9302,0.59417,0.77756,3.6617,0.97801,5.5852,514.83,13817.0
0.43614,0.84674,0.4643,0.70775,4.0955,0.91845,4.9153,398.34,10544.0
0.43644,0.85047,0.41744,0.74738,3.9415,0.93729,5.1132,428.79,11424.0
0.43654,0.68243,0.56703,0.77885,4.0757,0.90655,4.7986,380.54,10053.0
0.43656,0.82031,0.4484,0.7759,3.6482,0.93895,5.7012,537.81,14477.0
0.43665,0.72987,0.45504,0.70773,4.0454,0.96328,5.0375,417.57,11079.0
0.43666,0.85755,0.41799,0.72561,3.9219,0.95011,5.2517,453.09,12084.0
0.43689,0.84338,0.49082,0.72968,3.779,0.92963,5.3964,478.13,12808.0
0.4369,0.85782,0.44488,0.70439,3.8802,0.93979,5.3721,474.98,12686.0
0.43702,0.82256,0.48941,0.7309,3.6599,0.96792,5.7925,558.15,15014.0
0.43711,0.90614,0.53586,0.76278,3.6578,0.93344,5.7606,551.48,14823.0
0.43729,0.80785,0.44056,0.79046,3.6108,0.93521,5.9808,599.86,16179.0
0.43735,0.81659,0.56181,0.75672,3.9965,0.9242,5.0136,413.68,10969.0
0.43739,0.87143,0.57709,0.73448,3.6604,0.97968,5.6641,531.12,14261.0
0.43753,0.92419,0.52958,0.72796,3.7822,0.98097,5.432,485.66,12992.0
0.43761,0.8809,0.49347,0.76349,3.6478,0.93759,5.6514,527.37,14190.0
0.43772,0.66315,0.48824,0.7248,3.6705,0.89936,5.7482,548.59,14751.0
0.43786,0.85901,0.43154,0.77119,3.6317,0.88461,5.8536,570.83,15383.0
0.43789,0.74379,0.43165,0.73624,3.7183,0.97514,5.7119,541.11,14540.0
0.43807,0.92498,0.43346,0.74843,4.0908,0.88253,4.921,398.97,10567.0
0.43817,0.72132,0.52821,0.74958,3.6347,0.93602,5.7809,555.46,14942.0
0.43818,0.83146,0.53918,0.74958,3.6879,0.91212,5.529,503.05,13508.0
0.43826,0.88892,0.54224,0.79251,3.8754,0.96518,5.1267,431.04,11481.0
0.43832,0.91485,0.56781,0.72349,4.0145,0.93321,4.9714,406.93,10781.0
0.43835,0.71391,0.47927,0.77934,4.052,0.94127,4.8865,393.34,10418.0
0.43841,0.94975,0.50151,0.70978,3.9972,0.89514,5.0502,419.36,11133.0
0.43841,0.86676,0.57707,0.77428,4.0891,0.95371,4.7499,373.33,9854.8
0.43844,0.81833,0.55839,0.7609,3.9515,0.92108,4.9986,410.42,10901.0
0.43862,0.8414,0.40445,0.72801,3.9065,0.88045,5.1843,440.55,11756.0
0.43863,0.80118,0.48801,0.79335,4.0468,0.96749,5.0049,412.32,10932.0
0.43891,0.75274,0.48389,0.72499,3.6518,0.92981,5.8198,563.98,15177.0
0.43921,0.71563,0.47799,0.75821,3.6157,0.98154,5.9362,589.79,15894.0
0.43939,0.76458,0.50335,0.77732,4.0466,0.93562,4.9755,407.58,10801.0
0.43951,0.88675,0.52749,0.78194,3.6613,0.95948,5.5876,514.7,13829.0
0.43961,0.87997,0.48528,0.79017,3.8266,0.92736,5.2899,459.13,12266.0
0.43972,0.65432,0.4897,0.76137,4.0317,0.89747,4.9561,404.19,10715.0
0.44002,0.85703,0.40337,0.76875,3.7672,0.94794,5.423,482.79,12945.0
0.44003,0.93178,0.43784,0.72541,3.8038,0.92228,5.3914,477.39,12781.0
0.44008,0.74609,0.49832,0.71554,3.9822,0.90129,5.0737,423.07,11239.0
0.44008,0.84276,0.43433,0.79112,4.0025,0.96307,4.957,403.71,10719.0
0.4401,0.87411,0.44714,0.72179,3.8494,0.89038,5.4106,481.86,12882.0
0.44012,0.84678,0.40681,0.70452,3.6669,0.88592,5.6695,530.53,14293.0
0.44034,0.87117,0.52211,0.76392,3.9413,0.88456,5.1531,436.35,11606.0
0.44042,0.88184,0.47574,0.75637,3.7509,0.94921,5.4496,488.12,13083.0
0.44045,0.73813,0.44709,0.71379,3.6143,0.97979,5.9478,592.21,15967.0
0.44053,0.83636,0.48587,0.72705,3.7204,0.9139,5.4966,496.61,13333.0
0.44055,0.67354,0.54381,0.77883,3.8529,0.98466,5.1518,434.96,11597.0
0.44082,0.93229,0.43773,0.75733,3.6693,0.90403,5.7032,538.44,14486.0
0.44135,0.87484,0.47997,0.76571,3.8971,0.94437,5.1532,435.53,11604.0
0.44142,0.90757,0.54626,0.74225,4.0253,0.97285,4.9331,400.72,10613.0
0.44143,0.74079,0.56854,0.72069,3.9657,0.96149,5.0655,421.89,11198.0
0.44145,0.81928,0.57581,0.74525,3.6607,0.95289,5.6601,530.24,14235.0
0.44149,0.89467,0.47663,0.76159,3.6723,0.88585,5.6734,532.41,14313.0
0.44167,0.81495,0.55016,0.76253,3.6038,0.93705,5.6628,529.22,14249.0
0.44187,0.66071,0.56019,0.79453,3.7736,0.97687,5.2744,455.86,12186.0
0.4419,0.93052,0.4702,0.7001,4.0787,0.95563,4.9009,395.71,10477.0
0.44204,0.67787,0.4797,0.70759,3.8864,0.88241,5.2886,459.59,12260.0
0.44211,0.89415,0.599,0.71469,3.8625,0.94646,5.2123,446.16,11883.0
0.44221,0.83524,0.42401,0.77244,3.8784,0.91818,5.2111,445.15,11881.0
0.44225,0.66002,0.45518,0.73461,3.643,0.90712,5.6903,535.16,14409.0
0.44226,0.81801,0.45791,0.76744,4.0678,0.89605,4.8116,381.6,10104.0
0.44231,0.77725,0.57768,0.7568,4.0793,0.94071,4.8411,387.02,10223.0
0.44271,0.80906,0.49537,0.73818,3.9001,0.95976,5.1359,432.48,11522.0
0.44274,0.91653,0.49143,0.79327,3.6359,0.97591,5.7243,542.78,14605.0
0.44276,0.88916,0.55848,0.74787,3.9114,0.89617,5.1188,430.22,11441.0
0.44279,0.85969,0.44161,0.71797,3.9407,0.92675,5.1543,436.01,11611.0
0.44284,0.65383,0.47572,0.73388,4.0094,0.93649,4.9594,404.23,10727.0
0.44293,0.77062,0.47133,0.71443,3.8238,0.98844,5.3323,466.66,12477.0
0.44296,0.76902,0.44388,0.77053,3.7046,0.9702,5.5787,512.99,13779.0
0.44301,0.81707,0.4496,0.74288,3.6785,0.90822,5.5738,511.32,13751.0
0.44302,0.71573,0.52653,0.72224,3.9548,0.89229,5.0741,422.92,11237.0
0.44308,0.72761,0.44019,0.77854,3.9126,0.88423,5.0813,423.03,11270.0
0.4431,0.66159,0.40251,0.77804,3.6647,0.95674,5.5998,516.33,13896.0
0.44311,0.79748,0.4258,0.78886,4.0649,0.9079,4.9514,403.38,10694.0
0.44315,0.87227,0.52941,0.76284,3.9371,0.98675,5.0712,422.23,11223.0
0.44325,0.91308,0.51463,0.78164,3.6538,0.94581,5.5564,507.92,13653.0
0.44334,0.66591,0.51705,0.76741,3.83,0.91708,5.3497,470.4,12564.0
0.44348,0.90861,0.44318,0.79457,3.703,0.94326,5.5734,511.87,13749.0
0.44358,0.76391,0.51619,0.74496,3.8676,0.92385,5.175,438.98,11705.0
0.44371,0.92162,0.42242,0.7599,3.6584,0.96907,5.6228,521.03,14024.0
0.44392,0.79512,0.4643,0.75889,3.6163,0.88712,5.7798,554.29,14932.0
0.44395,0.79353,0.58033,0.75757,3.6196,0.89796,5.5908,514.68,13842.0
0.44399,0.73742,0.55247,0.722,3.8306,0.95392,5.3308,467.1,12467.0
0.44407,0.71362,0.45826,0.7317,3.7485,0.88932,5.468,491.5,13178.0
0.44438,0.68096,0.56019,0.73783,3.62,0.98996,5.6471,526.26,14158.0
0.44438,0.90878,0.42484,0.73187,3.8082,0.90153,5.45,488.68,13084.0
0.44456,0.80412,0.44889,0.79099,3.8037,0.92054,5.4401,486.84,13031.0
0.44464,0.75467,0.54947,0.70087,3.9794,0.94653,5.0205,414.24,10994.0
0.44473,0.82061,0.44687,0.7853,3.658,0.88529,5.6809,533.5,14353.0
0.44481,0.91512,0.43419,0.74897,3.728,0.88556,5.4427,485.84,13044.0
0.44494,0.82527,0.54545,0.79124,3.7912,0.88019,5.2251,446.99,11943.0
0.44503,0.67431,0.41481,0.7194,3.7073,0.94693,5.5574,508.26,13660.0
0.44507,0.93392,0.44952,0.77534,3.61,0.96292,5.6857,533.56,14380.0
0.44512,0.92571,0.48012,0.72834,3.894,0.94685,5.1689,438.13,11676.0
0.44523,0.87241,0.47268,0.72132,3.7228,0.9713,5.5251,502.54,13483.0
0.44524,0.81111,0.42212,0.75441,3.9155,0.89765,5.2025,444.01,11838.0
0.44525,0.76741,0.49111,0.77302,3.8039,0.95686,5.2416,449.74,12024.0
0.44526,0.90595,0.5473,0.75033,3.8599,0.98105,5.2346,449.8,11989.0
0.44529,0.68431,0.48029,0.72207,3.616,0.96853,5.7223,541.53,14592.0
0.44532,0.7507,0.45607,0.73379,4.0402,0.89994,4.8975,394.56,10460.0
0.44538,0.65188,0.54789,0.76297,3.9381,0.89217,5.0022,410.72,10911.0
0.44539,0.80354,0.41881,0.71227,3.73,0.88065,5.4954,496.05,13324.0
0.44545,0.84959,0.40072,0.79266,3.9332,0.94957,5.2062,444.75,11856.0
0.44559,0.67897,0.48841,0.78271,4.05,0.9179,4.811,381.48,10097.0
0.44568,0.94315,0.54439,0.72385,3.8362,0.96777,5.2175,446.11,11906.0
0.44581,0.92094,0.51389,0.70055,3.6821,0.98035,5.5951,516.19,13867.0
0.4461,0.76308,0.57544,0.78864,3.9772,0.94913,4.9767,407.26,10798.0
0.44612,0.78055,0.44875,0.79885,3.8182,0.91941,5.2251,446.88,11943.0
0.44615,0.86837,0.59792,0.74924,3.6524,0.93537,5.5013,497.21,13351.0
0.44616,0.67682,0.47437,0.7725,3.8922,0.9282,5.0959,425.38,11334.0
0.44625,0.9446,0.52202,0.762,3.6842,0.97175,5.4955,496.2,13321.0
0.44629,0.88401,0.40232,0.78977,3.9925,0.91433,4.9135,396.26,10527.0
0.4463,0.91374,0.43765,0.73441,3.6797,0.96868,5.6097,518.86,13948.0
0.4463,0.69985,0.50289,0.78548,3.8727,0.91546,5.161,436.6,11637.0
0.44634,0.71327,0.5934,0.75516,3.6853,0.95001,5.5019,498.25,13354.0
0.44642,0.94255,0.49083,0.77201,3.9912,0.89094,5.0215,414.23,10998.0
0.44654,0.69409,0.48394,0.78877,3.6735,0.91452,5.5299,502.82,13506.0
0.44657,0.68483,0.56247,0.71863,3.699,0.95195,5.5556,509.02,13647.0
0.44661,0.86889,0.55088,0.78611,3.9035,0.98489,5.1385,433.37,11530.0
0.44668,0.88017,0.51917,0.73861,3.876,0.92079,5.1275,430.69,11480.0
0.44691,0.92313,0.41699,0.77961,3.7968,0.90837,5.2712,454.57,12169.0
0.44708,0.77637,0.52821,0.72058,3.6169,0.96746,5.6915,535.35,14411.0
0.44715,0.71524,0.44245,0.79779,3.978,0.93128,5.0875,424.86,11297.0
0.44716,0.82917,0.5449,0.77504,3.8765,0.96819,5.1919,442.33,11782.0
0.44729,0.73187,0.55726,0.757,3.7476,0.89627,5.3419,467.76,12519.0
0.44737,0.6896,0.41658,0.7942,3.7457,0.9406,5.4521,488.07,13091.0
0.44765,0.90899,0.40669,0.78147,3.8842,0.90803,5.3005,461.19,12316.0
0.44776,0.88964,0.41464,0.71338,3.6022,0.97439,5.8661,572.86,15451.0
0.44783,0.84566,0.50885,0.77571,3.885,0.95188,5.1868,441.3,11759.0
0.44791,0.93597,0.51057,0.72884,4.0015,0.97284,4.9586,404.15,10719.0
0.44829,0.90209,0.57463,0.70343,3.6894,0.90788,5.5529,508.34,13630.0
0.44857,0.8172,0.46077,0.76355,4.0888,0.8818,4.7437,371.52,9824.8
0.44858,0.73431,0.53895,0.75493,3.8012,0.8936,5.2883,458.65,12250.0
0.44865,0.6763,0.45963,0.71076,4.0214,0.93924,4.9814,407.77,10820.0
0.44865,0.77524,0.56329,0.74288,3.8846,0.90857,5.0716,421.5,11220.0
0.44892,0.9292,0.46486,0.74867,3.9071,0.91743,5.1815,440.33,11734.0
0.44906,0.86543,0.5303,0.74482,3.8753,0.94176,5.1174,429.05,11430.0
0.44908,0.86828,0.571,0.70941,3.629,0.88467,5.6227,521.25,14017.0
0.44909,0.73513,0.50523,0.75625,4.0023,0.93842,4.9123,396.71,10518.0
0.4491,0.86352,0.58787,0.71512,3.7884,0.88467,5.2852,457.96,12234.0
0.44911,0.78361,0.48287,0.78791,3.8733,0.95177,5.1,425.88,11350.0
0.44915,0.82016,0.42725,0.77803,3.8146,0.92483,5.2586,452.69,12105.0
0.4492,0.71107,0.45656,0.79813,3.9851,0.88455,4.8809,391.26,10385.0
0.44933,0.65557,0.44064,0.77924,3.6922,0.96517,5.4972,496.25,13329.0
0.44935,0.87536,0.4425,0.70993,3.6619,0.88153,5.5949,515.04,13864.0
0.44951,0.68217,0.53409,0.7687,3.8214,0.92377,5.1493,433.76,11579.0
0.4496,0.66239,0.48147,0.74959,3.614,0.91361,5.698,536.58,14447.0
0.44965,0.90242,0.57067,0.75772,4.0885,0.92806,4.7295,370.06,9765.0
0.44986,0.92591,0.57625,0.76648,3.6496,0.9794,5.6257,522.71,14033.0
0.44988,0.91308,0.41403,0.7304,3.8317,0.96336,5.2332,447.99,11982.0
