mass,force,acceleration,acceleration_squared
10.52565808719942,6.246581621020886,0.5934623345420605,0.3521975425201126
11.625065254003765,11.60500312485946,0.9982742351370978,0.9965514485385576
7.215090685112193,6.776474736227539,0.9392085327784299,0.8821126680438109
7.621852917545161,8.545675237766032,1.1212070516467556,1.2571052526624105
11.363323290450698,10.175338073452581,0.8954544206274185,0.8018386194211858
9.800646822092958,8.416482391901228,0.858768053239966,0.737482569265561
10.923027290974842,9.668104080071998,0.8851121417649734,0.7834235034997784
11.864625090284363,10.766372199266698,0.9074346738594381,0.8234376873223848
10.815424678453262,6.482844814052121,0.5994073285876045,0.35928914556452846
6.1990746388054,10.463475678671491,1.6879092910370035,2.8490377747690396
8.24818001672422,7.5411923498736995,0.9142856162914711,0.8359181881574751
8.27545040221293,9.084354202235499,1.097747404758327,1.2050493646536424
10.42998143871423,9.500891783093149,0.9109212551258754,0.8297775330401002
6.2834925343165136,10.172674525540486,1.6189522737528037,2.621006464689373
10.257626804547904,8.127882661503955,0.792374573220027,0.62785746428562
6.782384946628337,7.697114735318532,1.1348684564335922,1.2879264134079642
10.284935551442503,10.142787330917198,0.9861789877229353,0.9725489958262334
8.781714393028516,10.153727386960085,1.1562352101795477,1.3368798612589428
7.659210193085424,11.224463349082232,1.4654857441065456,2.1476484661795157
10.549700129876637,8.429142102662055,0.798993525777175,0.6383906542338411
9.413414183976116,11.458277246147336,1.2172286295074604,1.4816455364926102
6.525920693287976,10.010560799814982,1.5339691164360947,2.353061250179733
8.436706787794842,8.071443183797111,0.9567054286482792,0.9152852772050877
11.015501643344194,11.417606761400862,1.0365035684325488,1.0743396473734073
10.213887008961906,6.27970472739166,0.6148202659655133,0.3780039594419045
8.81956232925582,7.065267083904307,0.8010904419222424,0.6417458961391737
11.166035151955723,7.530263877470938,0.674390128187266,0.454802044996437
9.701934685023442,9.158974107977858,0.9440358449450568,0.8912036765411273
6.155415051477197,9.1796941112184,1.4913200871833046,2.224035602436419
7.521760330835929,8.078245768844052,1.0739834046196308,1.1534403533983737
7.589497692814822,7.477294024360482,0.98521592956533,0.9706504278692772
6.073015501865654,7.839526780125505,1.2908787698166047,1.6663679983632307
9.900944356497657,8.374665309839123,0.8458451040928345,0.715453940117818
9.884503310313276,10.416060342097795,1.0537768075033072,1.1104455600318621
11.459168150444238,8.452186497542181,0.7375916285175128,0.5440414104591166
7.2331182407493095,6.672734791306814,0.9225253299074448,0.85105298432084
8.207877816359957,7.805313163818628,0.950953868765086,0.9043132605192845
7.73123000575294,10.123768067554176,1.3094640904514427,1.7146962041818241
8.983933249585034,10.370048077190695,1.1542881930550504,1.3323812326262932
10.529459582647792,10.836783828891232,1.0291870863676518,1.0592260587459363
11.63615444128262,11.937764421124335,1.025920073626014,1.0525119974688057
7.777727820589865,11.71215846397579,1.5058586175991353,2.2676101761975787
10.878101984482562,9.017329787605242,0.8289433028361306,0.687146999316873
6.95085258065134,7.781746405846947,1.1195384041820302,1.2533662384384467
10.345453481773907,9.099104108398432,0.8795268495894134,0.7735674791486786
10.298518559319971,10.337859197771133,1.0038200288929477,1.0076546504066384
8.172569161137073,9.359286329637193,1.1452073570870838,1.3114998907263833
7.097025333715471,6.584611481028395,0.9277987849003754,0.860810585262613
10.286580714269299,6.232101125185913,0.6058476862521374,0.3670514189370683
7.231682781003609,10.51021714799854,1.4533570492897006,2.112246712720065
11.505223746347292,6.702605479320106,0.582570632878658,0.3393885422926401
11.41844433695795,8.60817260524669,0.7538831342711646,0.5683397801385148
8.666020208783987,6.1136700978536656,0.7054760952042061,0.497696520904574
6.455052451502686,9.650115856974423,1.4949709439972019,2.2349381233958847
6.776233577826273,9.367970210587844,1.3824745122780975,1.9112357770985635
6.316366335700414,11.428337844526371,1.809321568309432,3.273644537549702
8.905848414020491,6.457603933355472,0.7250969961704329,0.5257656538553848
10.977788823933974,8.712231453714782,0.7936235241399632,0.6298382980683347
9.309113287105088,6.242304534819245,0.6705584455037235,0.4496486288363701
7.073934244460453,9.547551801404165,1.349680598018109,1.8216377166665203
10.863299940142744,9.509570219024763,0.8753850369061804,0.7662989628392348
7.683812493858948,8.168194700503658,1.0630393059476448,1.1300525659896505
6.605110462460871,10.315414796560752,1.5617323669584067,2.4390079860055076
9.705270254777446,6.835176868182955,0.7042747588423228,0.49600293594241196
9.96316923340416,6.159348010782712,0.6182117222431461,0.3821857335188369
11.290359567448292,6.3787694243938065,0.5649748696033299,0.3191966032832996
7.149976311715882,6.610930503135544,0.9246087280461247,0.8549012999790726
8.166463487569533,9.669187833067195,1.1840116407530643,1.4018835654387634
9.266019083631678,7.210983984686254,0.7782181236194926,0.6056234479298439
7.589265507327473,11.694223070769276,1.5408899661605522,2.3743418878142677
7.748439193616407,7.364982565865,0.9505117587981693,0.9034726036135892
10.268924245403054,6.879964867457784,0.6699791237176222,0.448872026217433
11.365084862809072,6.02879396419569,0.5304662514157041,0.281394443891029
11.282123877819195,8.676635813187676,0.7690604984621785,0.5914540502948945
7.270291660601424,11.26301264824748,1.5491830553763184,2.399968139065105
11.518390649120885,9.586220115563638,0.8322534291103666,0.692645770265964
8.976370093380831,6.261198467974797,0.6975200891718804,0.48653427479834793
10.465214600759289,8.501680286735079,0.8123751505409408,0.6599533852164162
11.214606673149579,10.953629728709505,0.9767288365926453,0.9539992202316224
8.604981860833437,10.739607269510493,1.2480685541468772,1.5576751158502766
10.31038951599001,8.490620502914963,0.8235014292861745,0.6781546040363723
7.520544633198333,11.646715122439934,1.548653148207808,2.3983265734539554
8.965282853722272,11.471979754654788,1.279600425533899,1.6373772490265357
7.791964528092851,11.406382561753762,1.4638647956660513,2.1429001399904104
11.956394618124847,7.541763017952411,0.6307723405615735,0.39787374561752564
7.773968333702199,9.202707500580347,1.1837850510252514,1.401347047030857
9.847232811612951,6.473518994806928,0.6573947339980258,0.43216783628833516
11.366037559084845,6.960281792309431,0.6123753996172655,0.37500363005640563
10.860742895297872,6.041988443444958,0.556314471458561,0.30948579115421815
7.445383427014454,10.053112445296321,1.3502477802311852,1.823169068019243
10.932334983712456,11.703868929874398,1.070573573469109,1.1461277762104178
7.592686573040865,10.552625290505787,1.389840761763391,1.931657343059043
9.359245467317022,7.006064121055891,0.748571468236562,0.5603592430578421
10.535638371358356,9.37217438578895,0.8895687243088811,0.7913325152685301
8.968073139388423,7.851361965636263,0.8754792521876875,0.7664639210111126
10.588965233629771,7.420261623017866,0.7007541775141223,0.491056417303494
7.521152179722817,11.514333321347856,1.5309267843816188,2.3437368191370433
10.027105956456996,10.43402644471978,1.0405820473055585,1.0828109971746276
11.914131470742149,9.146713251570233,0.7677196843120341,0.5893935136801692
11.718308559897405,11.358600307795843,0.9693037395061808,0.9395497394206659
6.172545526877995,7.251972430979866,1.1748754868476172,1.3803324095954257
7.329539890607363,11.150015742698653,1.5212436127112345,2.3141821292147284
7.471776397700873,7.550009895326326,1.0104705351794958,1.0210507024659368
11.656058150661822,7.416779114751889,0.6363025148712705,0.4048808904315035
10.706566414186558,9.166890719885094,0.8561933270911819,0.7330670133554676
10.643985967487563,11.301760266763932,1.0617977420569291,1.127414445037193
10.858090778421827,10.305670688547853,0.9491236441887377,0.9008356919581096
8.980193393862427,7.370531582718026,0.8207542153552578,0.673637482023425
7.24445670964753,11.057743130667184,1.5263730012964887,2.3298145390868505
10.013097669194519,11.69485212154855,1.1679554627263828,1.364119962912399
11.586139317815872,8.101707095938139,0.6992585600520302,0.48896253380603877
7.3195217587308905,11.274901308215545,1.5403877028941937,2.3727942752276507
11.139463419182361,11.646461720921925,1.0455137094724423,1.0930989166948264
11.454635167415715,9.081422475105592,0.7928163876348456,0.6285578245023659
9.392534255324446,8.49914456313586,0.9048829987836201,0.818813241487637
9.60766430808064,6.44973676006918,0.6713116271812861,0.4506593007887861
7.325944853188501,9.568680168383617,1.3061359811108872,1.7059912011525
9.512329124477281,11.925703308276713,1.253710122118178,1.5717890703015764
9.08229086124036,11.597429757963274,1.2769278076588075,1.6305446259723286
9.475207073631918,8.873296097827113,0.9364751639592308,0.8769857327124683
8.859137501348245,8.961189778089114,1.0115194370473806,1.0231715715246497
7.438708566729055,7.4512482273465555,1.0016857308637666,1.0033743034160783
9.346484630030302,7.358365365240921,0.7872869486778437,0.6198207395584696
7.540910389699052,11.5802357118747,1.535654863064465,2.358235858453541
7.119828392810816,7.000433096488971,0.9832305935291357,0.9667424000516563
7.928820092341953,8.462107232715926,1.0672593316739585,1.1390424810451445
6.036339345033015,10.97209422227533,1.8176735261419137,3.303937047637178
11.088039345679096,8.023570460357696,0.7236239167463278,0.5236315728872963
10.745597170464467,11.017346017842799,1.025289320180852,1.0512181900769135
10.329873002670242,8.03078625758323,0.7774332032453154,0.6044023855082719
7.129389584152722,8.634153125650228,1.2110648497653023,1.466678070337054
6.693991014811846,6.130171127227559,0.915772237169617,0.8386387903706453
8.51314114934523,11.351720613097946,1.3334350287344923,1.7780489758561562
11.550020477084406,9.522886541536375,0.824490879512298,0.6797852103989628
7.859337730872758,9.596369045397235,1.221014972763053,1.4908775637115592
11.744033480989255,10.830516656175972,0.9222143885836117,0.8504793785106448
6.333672139788463,9.988042560044496,1.5769749901165684,2.486850119453151
7.282627155897971,8.15438263487454,1.1197034339826888,1.2537357800726254
9.701787114251907,7.312658535794319,0.7537434546519823,0.568129195430705
10.376490260470574,10.022911011780195,0.965924966938258,0.9330110417546749
6.885386150845562,8.386138617187456,1.2179619898526088,1.4834314087257265
11.990234878000024,6.353520419820504,0.5298912393683045,0.2807847255592778
7.711422439604813,9.281777937265296,1.2036401857062522,1.4487496966469813
6.521600649685382,8.042879461792394,1.2332677043296727,1.520949230542581
8.335205942304075,7.525252449647414,0.9028274168313148,0.8150973445823048
11.30743399124528,11.130231007470693,0.9843286298277942,0.9689028514986627
7.040984485711513,10.186992475227006,1.4468136516846166,2.093269742700975
11.21835092328713,8.1006980036418,0.7220934751493925,0.5214189868533263
7.851275970017339,7.173556257635175,0.9136803094210091,0.8348117078236709
6.6607838592326765,6.720188258055405,1.008918529722352,1.0179165996171124
10.534931133551176,7.986117064023539,0.7580606804908019,0.5746559953061776
10.066253254621563,10.390208049167246,1.0321822614980356,1.0654002209511992
11.55355866034413,9.914796342718649,0.8581595190016831,0.7364377600532
9.552073954536484,6.089705932743364,0.6375270922029694,0.4064407932927735
9.849917753298499,11.085766695234662,1.125467945305666,1.2666780959105575
9.72638673782751,11.312547113089874,1.163078069792714,1.3527505964327455
6.731818442598203,9.7781978046262,1.4525343914135957,2.109856158239265
10.237503866572316,7.970870869938586,0.7785951511056536,0.6062104093252355
9.619997094538542,7.392771165485522,0.76847956323007,0.5905608391022792
11.604717021232824,6.689189897930356,0.5764199062925303,0.33225990837028935
11.978155180471557,9.036592814911408,0.7544227536510889,0.5691536912264916
6.13940716571212,9.158521349494876,1.4917598885840575,2.2253475651883194
9.686892876239718,9.643211138027167,0.9954906347400936,0.9910016038552344
6.94836405966606,10.646107223194388,1.5321746430923255,2.347559136935095
10.577438381887596,8.496607390478573,0.8032764724044945,0.6452530911186086
8.766867287077732,6.077917719021718,0.6932827337286722,0.48064094888630104
11.646384973398783,7.006369776319565,0.6015918065839864,0.3619127017489845
8.864641849668095,7.676506547739805,0.8659691703198619,0.74990260394447
7.24232587339188,6.906856959003115,0.9536793952311274,0.909504388888409
10.341626270443065,10.987101180729395,1.0624152230419632,1.1287261061513045
6.789009769587236,6.88950923124121,1.014803257774673,1.0298256519900895
10.518833631759065,6.698039737479807,0.6367663917847983,0.4054714377066313
6.481709014377785,9.29033369278159,1.4333154530963501,2.0543931880847954
10.649832146260326,9.519337447278719,0.8938485899631218,0.798965301779061
8.50970763312472,10.781447292850782,1.2669586027706914,1.6051841011346626
7.893650466594753,8.11565435237805,1.0281243623242247,1.0570397044045936
6.223031047430535,6.855754154235779,1.101674425530384,1.2136865398677017
7.012436168812841,9.884836873552265,1.4096152372144448,1.9870151169871355
8.242556976184147,6.1044963286076435,0.7406071133321654,0.5484988963182029
11.668534149861348,8.332123336477752,0.7140676994613552,0.5098926794140323
9.675232701892352,6.60858038460535,0.6830409756772875,0.46654497445418086
8.883773861077168,9.570096549995284,1.0772557586056,1.1604799694489267
7.603804816460288,6.537933921614518,0.859824006458131,0.7392973220817121
11.885169088112798,6.097754309049155,0.5130557473639944,0.2632261999032268
10.863804674706738,11.864182706931231,1.0920835804930833,1.1926465467825926
7.115248250987529,8.254348226096894,1.1600927943661374,1.3458152915402333
10.784982889318965,7.8096831652208785,0.7241256889665806,0.524358013421325
11.907093335861301,7.04142861744087,0.5913641909762964,0.34971160636904963
10.97080619383541,8.506752632600255,0.7753990438168776,0.6012436771521281
6.716885704938882,10.775623341875686,1.604258850787418,2.5736464603297673
7.558600126202327,7.13362824227457,0.9437763769967712,0.8907138497771516
8.098390158024714,6.0633891129878466,0.7487153612844425,0.5605746922232933
7.259015222966074,8.0489394710159,1.1088197536148794,1.2294812460065618
9.24391827359908,8.610892976615897,0.9315198081325402,0.8677291529432846
9.035226107915975,7.001851042888299,0.7749502845040936,0.6005479434529757
11.927487823582094,6.462310363302475,0.5417997870872441,0.293547009287783
10.239701001566024,6.806390823760975,0.6647060126775215,0.44183408328964935
11.55276277025638,7.43041504768005,0.6431721308092915,0.41367038984976434
11.835697066961444,6.672375995318125,0.5637501498702274,0.31781423147870386
7.882219428414404,6.22012282124923,0.7891334259011459,0.6227315638744793
10.881802969314439,8.607560286566533,0.7910049750798618,0.6256888706010928
8.219066322109477,6.971396351182911,0.8481980894143286,0.7194399988861174
7.741570426014316,8.222084916798321,1.0620693818361857,1.1279913718338976
6.984655672885025,6.159024505226157,0.8817935763298924,0.7775599112566618
9.23392576107063,10.092538604766538,1.092984594625586,1.1946153240888566
10.702784818648386,6.78131362180799,0.6336027245911103,0.4014524126092784
8.766409874778844,7.182069175011843,0.8192714323881678,0.6712056799273602
9.91229711483599,7.244252631628374,0.7308348960591299,0.5341196452977591
6.665272134420963,10.724703960750496,1.6090421732918772,2.589016715431847
11.91148229668247,9.255259231012401,0.7770031470885981,0.6037338905855856
6.0871104230738755,9.811693933890806,1.6118803918355873,2.5981583975840463
6.912780153709185,11.05818775673443,1.5996729985403844,2.5589537022591844
9.559481302137023,8.180079289773966,0.8557032574503084,0.7322280648110687
11.73585289595292,8.709947898224032,0.7421657356686565,0.5508099792005982
11.587463291666229,6.6685610322676165,0.5754979208489648,0.33119785690148135
9.528644580247533,7.822281279628278,0.8209227675301823,0.6739141902494138
9.951400013829133,6.819041118525836,0.6852343498452116,0.4695461142077898
6.220014921992569,8.311083174742324,1.336183800034982,1.7853871474759246
10.992005061064493,11.177650726584908,1.0168891539340719,1.0340635513887526
7.500809824865035,7.084945045605599,0.944557349277027,0.8921885860732435
7.699502984677679,9.793000712001424,1.2719003722045292,1.61773055681402
7.503822235431516,11.9869229648407,1.5974422885767334,2.5518218653332716
9.214208536216953,6.209769812824448,0.6739341516329489,0.45418724073722255
7.036401347900159,7.3441770705004545,1.0437405013419456,1.089394234141536
10.463989493817177,11.304043846829671,1.0802805042482941,1.1670059678589486
10.894706727952467,10.39607906940525,0.9542321173944139,0.9105589338670266
7.173285773916582,11.571068373223575,1.6130778471559237,2.6020201409851897
9.218214859840936,7.12843023671028,0.7732983386799994,0.597990320605247
8.966867107529723,6.448468252874734,0.7191439524580195,0.5171680243569423
8.84530196600813,7.621238309074624,0.861614260130689,0.7423791332605546
7.490460143420087,7.929052076681604,1.0585534032440975,1.120535307519661
6.895389397427035,6.745903170555135,0.978320843355463,0.9571116725437443
8.656582768832696,6.352944910728025,0.7338860010212429,0.5385886624949517
8.135965796720946,7.373929506302615,0.9063373286641083,0.8214473533299919
8.769584126990459,11.032018908783567,1.2579865531855647,1.5825301679956978
9.207455263135326,11.216066230755128,1.2181504998087636,1.4838906401843404
10.330199938390283,8.765705971052437,0.8485514339830256,0.720039536114649
9.102365203314031,11.114152836546923,1.2210181187303308,1.4908852462677562
7.899227725604261,9.12386600737738,1.1550326594337346,1.3341004443585656
9.726675158685486,8.17430907013033,0.8404011583373416,0.7062741069347456
9.805665168095699,8.707572186635717,0.8880144322046808,0.7885696318038016
11.880703797632185,6.690473773142631,0.5631378314873936,0.3171242172523241
10.215976201505292,10.710323305204053,1.0483896099548393,1.09912077426126
7.269437380929199,9.955380930500418,1.3694843780644679,1.8754874617626225
8.948970665213942,6.187976603321992,0.6914735599006523,0.478135684041681
8.997909802462738,7.565436154204903,0.8407992878673038,0.7069434424781653
8.772673949468167,6.221476748326619,0.7091881887054275,0.5029478869992852
6.800969611358896,7.4742662889738245,1.099000100881262,1.207801221737024
9.724483819864835,6.615843546296201,0.6803285057435735,0.46284687572728356
9.908035836300385,9.005758783359298,0.9089348214067428,0.8261625095657074
10.243752024700546,10.59103428093849,1.0339018609002395,1.0689530579729782
9.636119930792828,9.944384306670033,1.0319905084298635,1.0650044094893283
11.109499100429034,6.055617768898244,0.5450846806103422,0.2971173090360788
7.308609304342531,11.13885763077854,1.524073481963279,2.3227999784236735
7.984510129078911,10.848783834616263,1.3587287960354524,1.84614394117595
11.228783650068307,6.90260645117063,0.6147243251167851,0.37788599589028693
10.924470639466097,6.364656492090308,0.582605482877783,0.3394291486792547
6.826001854899991,8.899206925596209,1.3037217268272474,1.69969034100142
6.161509370635114,6.166115169611548,1.0007475114780129,1.0014955817294355
8.162823146864968,9.429225007636086,1.1551426311689106,1.3343544983438338
8.995399328094738,11.48715250978048,1.277003064655886,1.6307368271405251
8.555732226899794,9.70926776071246,1.134826044483472,1.287830151238003
8.260653804362441,6.371114733681173,0.7712603487046746,0.5948425254840564
7.539378077678014,6.499651911948525,0.8620939081423934,0.7432059064562254
11.930537335361254,8.955145484227344,0.7506070541923486,0.5634109498033154
10.403333926699318,8.656171767066125,0.8320574758107838,0.6923196430526131
8.935395903126148,6.575443904864439,0.7358872484389805,0.5415300424150937
7.237783305693924,8.738068651841694,1.2072851980754251,1.4575375494920184
6.7676279000251505,11.490768567235914,1.6979019439282723,2.882871011195406
9.409731885790345,11.463156939368567,1.2182235454210022,1.4840686066181166
10.590182964214794,6.604353258705871,0.6236297598466987,0.38891407736645106
10.180981879685238,10.500335858760454,1.03136769938786,1.063719331340607
9.82290567899026,9.657137898594748,0.9831243640310967,0.9665335151515484
11.437573206503963,10.219970572079694,0.8935436204480964,0.7984202016434918
7.840077539034267,7.7882686071987335,0.9933917832345934,0.9868272349980055
6.282339443157922,7.054349207558839,1.1228857134171109,1.260872325396254
8.167574774290058,11.468921945802348,1.4042016464794778,1.9717822639756761
8.12390197534787,7.092281093092778,0.8730141149677132,0.7621536449328595
11.715550168432674,7.5910624925991135,0.6479475896106942,0.4198360788823086
8.546641436058948,9.506725506275895,1.1123346612116285,1.2372883985327883
7.832088560711311,10.3071496099803,1.3160154574457728,1.7318966842362065
11.56940581641354,7.964256060823342,0.6883893768791856,0.4738799342001134
11.681851952371376,10.936300583836317,0.9361786665697543,0.8764304957403233
6.590929959151698,7.5332414995737516,1.1429709534560637,1.3063826004442634
6.438856109913453,6.981902512917652,1.084338956133545,1.175790971788786
11.691356523513587,10.704980319167289,0.91563201392734,0.8383819849286365
9.30409089524528,10.104903907505067,1.0860710650052905,1.179550358241726
9.294071104515286,10.935103694101713,1.1765676818191302,1.384311509901242
11.2283580290039,9.59064038933127,0.8541445120076995,0.729562847392871
6.376483694182467,8.719236348885126,1.367405103982317,1.869796718396891
11.339123646110371,11.561441896422526,1.019606299150677,1.0395970052677397
7.860232181763854,10.058545569947391,1.2796753756566808,1.637569067062067
11.609145736898025,10.626698619225891,0.9153730050481178,0.8379077383708216
11.597270515241028,8.79820221263115,0.7586442172810086,0.5755410484139142
10.71829519672757,9.016319806520084,0.8412083863180853,0.707631549211877
7.006493475747824,6.17933416429781,0.8819438975697143,0.7778250384604586
10.49489357217422,6.583904674133319,0.6273436342022224,0.3935600353740518
9.054704818534443,11.585173903036775,1.2794645585047248,1.6370295564696904
6.174235540743705,7.3924718149634625,1.1973096533458485,1.4335504059951558
7.768682195124066,10.52785225998388,1.3551657791577032,1.836474289000105
7.9461593055072886,9.916969115208017,1.2480204252052698,1.5575549817295424
10.809766469540836,10.901673237557883,1.0085021973671695,1.0170766820944093
10.702675408569178,10.191555819745462,0.9522437550133975,0.9067681689620155
11.716009097026927,9.839231749354322,0.8398108663001245,0.7052822911557656
8.216298416669405,7.340855664728056,0.893450467893762,0.7982537385795823
7.18827521523828,11.924188602300607,1.6588386289137567,2.751745596776472
9.733100189855035,9.918262646277073,1.0190239957269767,1.0384099038673733
8.5170186544279,11.456021078281257,1.3450740855575563,1.809224295638496
10.972104926538437,10.733124256933397,0.9782192504350726,0.9569129019217554
7.340201060449846,8.456135808948083,1.1520305423935957,1.3271743706076824
7.434725884327443,10.904352756305624,1.466678519956227,2.1511458809009882
7.666464436748427,7.1953892713399545,0.9385537923908678,0.8808832212112802
7.126409719018891,10.02202046840225,1.4063211158987368,1.9777390810226683
8.078217499159951,8.673204332425406,1.0736532326998287,1.1527312640867926
11.67572861228884,6.462530572175306,0.5535012663255481,0.3063636518239853
8.964804300952789,9.509484736567174,1.06075764928371,1.1252067905139025
7.036290438442083,7.212467897347292,1.025038400624096,1.0507037227540048
6.425657271588778,8.168490233659302,1.2712303019609383,1.6160264806236984
8.400833596573294,11.829654892567543,1.4081525073169963,1.9828934838631431
10.578563930547242,10.357556854443027,0.9791080266135158,0.9586525277790132
8.925724109670696,7.19206951166756,0.8057687447313339,0.6492632699859094
11.675649034518816,11.477005213610257,0.9829864857772554,0.9662624312207184
9.377361077527702,7.309028992780565,0.7794334602616749,0.607516518975488
10.029002228177308,8.297620129704507,0.8273624774348598,0.6845286690671489
8.854986836914762,8.131843145769096,0.9183348654872059,0.8433389251694046
9.982017750031265,8.978938518631566,0.8995113757039195,0.8091207150207578
6.414769965891077,10.81100141641241,1.6853295556812147,2.8403357112526404
6.781344150274634,8.474454801378245,1.2496718369668707,1.561679700108153
9.324151577411296,7.867537086312017,0.8437804792204284,0.7119654971134558
8.438434104308081,9.964836251320673,1.1808868953818477,1.3944938596845788
9.520653960127197,6.605758675367061,0.6938345520205008,0.48140638557748905
6.955500924504385,11.728153211030182,1.6861694561367446,2.843167434808485
11.234930168423249,8.823576195895367,0.7853699189599591,0.6168059096071727
7.9363151962808125,8.139585292488466,1.02561265413235,1.0518813163164034
11.237650369673098,8.161480062533833,0.7262621450262516,0.5274567032981322
7.319210699250449,6.908025847467603,0.9438211483889984,0.8907983601463279
6.299782577455082,9.330710872958324,1.481116333498551,2.1937055933561913
6.914630798393764,6.390051368057651,0.9241348604674641,0.8540252403312193
10.854653947353537,8.252176577106386,0.7602431746908285,0.5779696846639896
7.317623041684275,6.014852137826336,0.8219680220698983,0.6756314293055008
9.479816214230658,10.674924639239505,1.126068733612663,1.2680307928200263
10.028214382021702,11.135408340827501,1.1104078868507983,1.2330056751804552
6.546397063050277,9.357416039133657,1.429399400771085,2.043182646924737
7.05371902524781,11.159730759059176,1.5821059385998317,2.5030592009528547
11.68160685020607,10.859453637336388,0.929619852524383,0.8641930702074555
8.141264353162162,7.472051657450189,0.917799905925909,0.8423566673176074
6.799239695481616,8.374712651427037,1.2317131071276086,1.517117178269948
7.46666109430997,8.00600496256175,1.0722336076915011,1.1496849094631318
10.44308433061866,11.812907862610787,1.1311703983827714,1.279546470177438
8.348746747181746,8.586237157015104,1.0284462347493684,1.0577016577701528
8.846568045530187,9.171835165269151,1.0367676050265966,1.074887066832585
7.4888972024584195,6.085576925148148,0.8126132273721696,0.6603402573002134
8.462515830041916,10.831700825676817,1.2799622527409993,1.6383033684418138
8.911538817789282,6.393319615518591,0.7174203856640559,0.5146920097663626
6.466577250168403,9.387681684462372,1.4517234266733452,2.1075009075521995
11.130918952341464,9.951468010910375,0.8940383137743553,0.7993045064964925
8.330915707089392,9.262956495756997,1.111877351954775,1.2362712457899627
7.641058491817169,11.466734830557256,1.5006736099242026,2.252021283522938
6.9171050541916355,6.161446033753396,0.8907550175227823,0.7934445012420122
6.746693369565568,8.247050056656219,1.2223840042677472,1.4942226538896517
9.9739273319576,8.939702494634261,0.896307161371673,0.8033665275261462
11.076217688972708,10.677767344224794,0.9640264974979135,0.9293470878780946
6.965675695886065,9.214652987294961,1.322865632796707,1.749973482434632
10.001725872054722,9.113249676012982,0.9111677117122173,0.8302265988668784
6.050440566153877,11.961029519684644,1.9768857141733713,3.9080771269027603
9.047239972188125,6.464581392190755,0.7145363019068081,0.5105621267426571
9.36971001464224,8.807870535998727,0.9400366203686651,0.8836688476341418
11.31251748682416,6.008674560785826,0.5311527312805668,0.28212322394680606
7.560280131170908,8.048865178875515,1.0646252571634454,1.1334269381903321
10.308466485669722,9.264172548914203,0.8986955103159873,0.8076536202621127
8.015859592077865,7.227738591519053,0.9016797897336278,0.8130264432140794
8.536603770795447,10.955253312308976,1.2833269068652295,1.6469279498842775
9.794916103920082,10.741874232823065,1.0966785339308822,1.2027038067847893
8.749703838910289,7.332293948674073,0.838004815210666,0.7022520703162626
7.004679783729422,8.340860546643171,1.1907554383881258,1.4178985140508977
9.2690548061616,11.736129048754176,1.2661624398803413,1.6031673241637387
8.285579840860114,8.8989223246869,1.0740252940176986,1.153530332189804
10.788064571727805,10.427161755533053,0.9665461015926279,0.9342113665039066
7.76830103350013,9.450618507018312,1.216561828160795,1.4800226817379358
8.400202022308774,10.672978228834406,1.2705620889223526,1.6143280218067322
7.349808502636683,9.797447381603195,1.333020768920502,1.7769443703734065
7.735907563216168,9.599151114989155,1.2408564911805062,1.5397248317047978
11.279097961402785,9.14012996163726,0.8103600122026513,0.6566833493770812
9.80929125174906,9.603606560069124,0.9790316459771483,0.9585029638247242
11.305345446561125,10.746127448686927,0.9505350809033172,0.9035169400278757
8.105909800335507,10.087744197821468,1.2444925303022658,1.548761657978136
7.563049203550551,6.0262565931430405,0.796802510595059,0.6348942408905891
6.386586015977201,9.241947422224484,1.4470872856177117,2.0940616121964366
10.876199419047762,9.941030979709613,0.9140169830188691,0.8354270452469157
7.643117917650347,9.412504066876867,1.2315005693082994,1.5165936522066656
11.592569962950535,9.438408821876289,0.8141774302023733,0.6628848878509405
9.059741042178448,11.183409241028915,1.23440716340164,1.5237610450572832
8.442153817828473,6.599695500832942,0.7817549458641047,0.6111407953829892
8.275603621768685,7.166580136016422,0.8659888104313,0.7499366197922182
8.891793596470222,9.686473653996824,1.0893723014265722,1.1867320111154265
11.438014652525705,11.423891337473071,0.998765230201072,0.9975319850586003
10.59207924711215,7.320295577719827,0.6911103483025441,0.47763351353086386
11.408184696426066,7.106933585260064,0.6229679632980093,0.3880890832956699
6.098685899049364,9.627216616299581,1.5785722983044967,2.491890500974341
7.399172682855872,6.06601261806543,0.8198230907788625,0.672109900174207
7.605986572277464,8.483430050106708,1.1153622175757418,1.2440328763954764
9.081733461414895,10.854498042093098,1.1952011241257035,1.4285057271113453
10.219288930312823,10.756199609611715,1.0525389469815545,1.1078382349130396
10.35785938391636,6.242282173773317,0.6026614131744544,0.3632007789294305
8.423591014224188,7.388146502439714,0.8770780169602241,0.7692658478348792
6.350631250022251,9.691929179132142,1.5261363473273912,2.329092150633792
11.711181593684923,9.403567631555672,0.8029563504186805,0.6447389006776869
10.032346319896773,6.415557266741836,0.6394872208526239,0.40894390563381255
7.743299122950993,11.426501275533528,1.4756631629618433,2.1775817705225515
8.17391821472644,7.304894576839743,0.8936833456051676,0.7986699222120455
7.106972939340968,11.01523231076655,1.549918988686623,2.402248871491364
11.026823588391842,11.28297751694812,1.0232300740555909,1.04699978445181
10.452145566415552,11.446338924626344,1.0951185909049428,1.1992847281456274
7.788170782207397,11.89074181887954,1.5267695266833061,2.3310251876087666
10.281048206430581,6.019264695495285,0.5854718871690885,0.3427773306653339
6.3407663257245215,6.379186864497246,1.0060592894926363,1.0121552939744283
10.845826466556057,9.166232759686162,0.8451391683198093,0.714260213828299
9.503572774554701,9.456204293945255,0.9950157186425433,0.990056280345737
6.998935089187746,9.935093110919883,1.4195149668223155,2.0150227410325594
11.479975879785666,11.833155268391657,1.0307648197439057,1.0624761136216863
7.931838035083074,6.991700954738473,0.8814729856829767,0.7769946244888613
7.005082324884313,9.017793462521905,1.2873215537364624,1.6571967827144596
6.589768799164837,7.987498914560198,1.212106093247536,1.4692011812878045
9.252984913454629,9.525865339958173,1.0294910700769384,1.0598518633681597
7.241095633265255,10.27477304983438,1.4189528173930686,2.013427097987727
7.5771549444958675,11.67684444987544,1.5410592148914195,2.3748635038017585
11.071834914463427,8.044234343351548,0.7265493394273026,0.5278739426222497
9.1425239853781,10.290874258612748,1.1256053880822448,1.2669874896797808
11.32456989197325,9.31645812325684,0.8226765530283194,0.6767967109025573
8.031969804091599,11.537467618868083,1.4364431017893935,2.063368784678334
10.993578629795032,8.519331836300324,0.7749370903857502,0.6005274940555324
11.403112844342235,9.673113976739938,0.8482871395541215,0.7195910711329135
10.890248535352217,11.186124059523838,1.027168849564006,1.0550758455146434
9.738055473127055,6.442167730670151,0.6615455979325471,0.43764257814393126
9.562987727526178,8.302446536198715,0.8681854220413657,0.7537459270451443
10.601920475903972,10.51187583211231,0.9915067610631191,0.9830856572338771
6.212499447782369,6.1766757403899675,0.99423360795546,0.9885004671881313
6.19305278318125,11.722859925394392,1.8929048945345155,3.583088939752725
9.105476461538178,9.547152624217356,1.0485066503158655,1.0993661957565968
10.393942389843902,7.221830484013614,0.6948114789504882,0.48276299128136474
11.888001464785436,10.3881208065976,0.8738323962500532,0.7635830567361099
6.850616318506341,6.106579116533608,0.8913912022831023,0.7945782755077146
10.395299582304183,11.329018942031432,1.0898213035934732,1.1877104737661772
10.70360107885565,8.24164286358824,0.7699878576257043,0.5928813008910219
10.764775576878506,8.942686811899772,0.8307360193469923,0.6901223338404863
11.915457133522604,7.915199715836818,0.6642799875103761,0.44126790180678543
8.111995721988073,6.346597051194358,0.7823718439583873,0.6121057022188472
9.176051049240092,10.399412667021437,1.1333211433999877,1.2844168140774554
6.557140557773186,8.66086560212926,1.320829639965885,1.7445909378124094
6.7015481311536504,6.727800673072505,1.0039173846706873,1.0078501152440327
11.242057819931814,9.974300891714186,0.8872308834802527,0.7871786406011497
7.493154496701885,8.980661399100658,1.1985154454046691,1.4364392728735524
9.042792591002218,8.690012199466215,0.9609876718960659,0.9234973055362209
8.370948854880154,10.739252317400087,1.2829193564047692,1.6458820750380272
9.175003586562038,9.07952777235485,0.9895939207754617,0.9792961280357508
7.778318945648806,7.766335450723659,0.9984593721331201,0.9969211178004643
8.416418568235798,10.633609912151652,1.263436439851471,1.5962716375445598
7.961179612682655,9.06093144123557,1.1381393062406158,1.29536108040987
6.278623758577941,9.11399274380707,1.4515908412819625,2.1071159704936755
7.021772428870696,8.658690862939578,1.2331204052325213,1.5205859338008176
11.226779966304704,11.06477094948999,0.9855694137320802,0.9713470692841962
10.294354548006382,8.43962646724043,0.8198305612929233,0.6721221492298697
8.446970709005488,7.266113260032346,0.8602034398303045,0.7399499578958882
7.8425074053879005,6.308550310125522,0.8044047629195057,0.6470670226075862
6.602044470481081,8.631075633543023,1.3073337618572705,1.7091215648918823
11.233776070944616,11.991308693725905,1.0674334807812838,1.1394142358928472
11.717876831228445,10.927590350370703,0.9325571951096459,0.8696629221507701
10.116934706142205,11.621031638716673,1.1486712108225132,1.3194455505724587
8.90739726462689,8.015501880758805,0.8998702586882493,0.8097664824716567
6.287504662212774,8.240558757169081,1.3106246754287043,1.7177370398425966
8.72859830282852,11.994502987219747,1.374161414133688,1.888319592093897
8.558368235189903,10.53668512357607,1.2311558505103597,1.5157447282458871
7.309914507705869,7.708987493250149,1.0545933861638996,1.11216721014064
11.349804409180582,8.4425596027735,0.7438506689987113,0.5533138177698304
11.48012002893666,6.853708162075851,0.597006664111566,0.3564169569936202
8.355058928340418,10.617011230744293,1.2707284678425568,1.6147508389854919
9.744997956620008,7.767111752730608,0.7970357497565431,0.6352659863899748
7.876217411992103,10.895245610452198,1.3833094035549869,1.9135449059636536
11.769925119289038,8.365156914955932,0.7107230360579583,0.5051272339834418
6.202908044125896,10.12625377546976,1.632501030715624,2.665059615287575
6.2433587092455785,11.960187592758569,1.915665613613892,3.66977474318269
7.5860115241201065,10.00477888395225,1.318845727051897,1.7393540517630466
9.476381964543023,8.709766345202459,0.9191024990118649,0.8447494036898552
8.380135406503053,11.795528121715716,1.407558177707044,1.9812200236299746
6.051782335843156,9.891110312810538,1.6344127670005621,2.6713050929344337
10.162385563517761,11.54973189457784,1.1365177814194094,1.2916726674824965
6.157699906843001,8.032516396569264,1.3044670117234514,1.701634184674711
6.456405295932785,9.951830536167874,1.5413887573689082,2.375879301343267
6.217059850376681,9.860153512798274,1.5859833667518681,2.515343239613591
7.5285549314132165,6.8458918197713885,0.9093234866636375,0.8268692033981145
10.146324515026958,11.943587814725163,1.1771344191718305,1.3856454407990026
9.407883400627924,7.055068895934209,0.7499103247244032,0.5623654951282598
10.872810020642575,7.755484145988269,0.7132916082653972,0.5087849184218368
7.4133138797633045,8.653564953497686,1.1673004939289013,1.3625904431266571
6.201914582248019,8.820205043598364,1.422174544106876,2.022580433905601
7.355371570032057,8.600729425820731,1.1693127048622027,1.367292201752161
10.51338744966413,7.227438662776374,0.6874509949699673,0.47258887048519804
8.596005140446607,11.443217884169378,1.3312251094785692,1.7721602921062285
6.84280188352141,6.8864261399203635,1.0063752037749343,1.0127910507730404
10.889582664228119,6.143038803629016,0.5641206824030708,0.31823214431490626
11.02024531531265,6.454605449667119,0.5857043346120828,0.3430495675833827
11.643268364172137,10.063173433080507,0.8642911181233451,0.7469991368669021
6.960991126909592,11.629168790327448,1.6706196830752669,2.790970125478505
9.454992178450404,8.46005495073784,0.8947712267832224,0.8006155482791528
11.034266794308088,6.452071917160713,0.5847304617003594,0.3419097128403154
11.484936372028534,11.03628895415715,0.9609360118908399,0.9233980189486723
10.634753692097846,11.283171214731983,1.0609715599822442,1.1256606510911569
11.967287011016476,11.387132369632262,0.9515216238358658,0.9053934006272429
10.187582821064801,7.486415818115485,0.7348569282436527,0.5400147049876969
6.444144296252031,6.858224973206991,1.0642568908948538,1.1326427298171806
9.548906177619497,6.947294852595654,0.7275487603887617,0.5293271987432238
6.216763165044744,6.624061641106746,1.0655161641595317,1.1353246960852421
6.212101254848683,11.557144119688003,1.8604242985684425,3.4611785707038814
6.157021415316173,7.547971983499817,1.2259129007938032,1.5028624403326771
9.037776227248699,11.416850338014559,1.263236669170122,1.5957668823360243
11.935263260306927,8.208767156818425,0.6877742851402616,0.4730334673001979
11.088879810385988,7.661012006220163,0.6908733918321273,0.47730604354162803
9.8876462384393,7.951440289734531,0.8041792857457261,0.6467043236225061
11.21448003348678,11.661947776683462,1.0399008908001557,1.0813938626869573
7.6839469115626935,8.534913680252345,1.110746049977145,1.2337567875398305
7.021897971064225,9.072383330605502,1.2920129811043823,1.669297543342233
11.76559714930628,10.24660079233891,0.8708950903476299,0.7584582583916064
8.764112848393736,6.9040157441082455,0.7877597953766188,0.6205654952118123
11.191059479564622,10.148272300818986,0.906819619657119,0.8223218225950819
10.923785658070896,8.390208772166982,0.7680678690329288,0.5899282514407842
6.878490620176934,6.104081450971,0.8874158282728001,0.7875068522690998
11.135047690533993,11.019921995770783,0.9896609607823162,0.9794288172965773
9.773199405370676,7.243389992659737,0.7411482864740557,0.549300782543429
9.92023243339894,11.032837622891197,1.1121551533153995,1.2368890850459997
7.7494888187607005,11.71445791121792,1.511642662527423,2.2850635391729965
10.242823280683632,11.959317248131507,1.167580160314287,1.3632434307595362
11.764941134129412,6.881529830500354,0.5849183393308646,0.34212946368557645
7.209092358378368,9.26461274153907,1.285128873508159,1.6515562215243496
11.313186075141191,7.37266668267698,0.6516879183024459,0.4246971428613754
6.235785519888193,11.295561012155398,1.8114094809915666,3.281204307826137
11.632378770928709,10.760633694438992,0.9250587439029792,0.8557336796713576
7.358111105766052,11.433801569175314,1.55390444705509,2.414619030577585
6.004305279592689,9.224973220989504,1.5363931031860016,2.360503767517512
10.938931326577073,10.647048220259194,0.9733170364084173,0.9473460533628643
8.673995112719378,11.310884450840407,1.3039994032570235,1.7004144436946733
8.975395864895315,7.984787210273774,0.889630644761194,0.7914426840982178
7.385616335245567,11.173528414664462,1.512876909316594,2.2887965427433294
7.193383155808468,6.250717137198749,0.868953731757144,0.7550805879346665
11.640313867968104,6.377984857912783,0.5479220689627422,0.300218593656412
8.855030107197212,8.646182370932976,0.9764147909452631,0.9533858439766818
11.745594586604458,6.03133386210206,0.5134975345548396,0.26367971799389867
11.617543257352477,8.46318280387297,0.7284830033679294,0.5306874861959586
11.964314221669007,9.67073693489338,0.8082984745902406,0.6533464240249098
11.594563587858683,8.605009774396652,0.7421590048811704,0.550799988526209
9.781614764691849,9.74718555354388,0.99648021191018,0.9929728127285572
10.630753314175003,8.018431759235247,0.754267503182818,0.5689194663576423
9.082348790729498,9.029750750411107,0.9942087623443753,0.9884510631223344
11.47538614016431,9.70758565753622,0.8459484969799212,0.7156288595425878
8.321234546875196,8.545473921161191,1.0269478492671742,1.0546218851144746
10.816498653201023,9.791691561501947,0.9052551916700147,0.819486962045515
10.24999116085221,9.81963778900208,0.9580142689787111,0.9177913395668142
6.84055450662115,7.725290418426131,1.129336870417248,1.2754017668838238
10.68103639161594,9.876817441850676,0.9247059067791835,0.8550810140323121
9.73900644601601,8.649261246160574,0.8881050951248498,0.7887306599867185
7.039179487807247,11.99399507529785,1.7038910708375845,2.9032447812800504
9.895229197440308,11.072397383607207,1.1189632056700018,1.2520786556432868
10.342638340713249,9.088657589803276,0.8787562022763821,0.7722124630392098
7.8392888209697595,6.3530378773156055,0.8104099775379501,0.6567643316930607
6.317483386207887,6.364137663347692,1.0073849465503397,1.0148244305362308
10.507394869636741,11.62341361834136,1.106212697110069,1.2237065312475333
10.052919116131186,6.579522304267851,0.6544887338952297,0.4283555027957807
9.566010652215692,9.07961518614832,0.9491537816806934,0.9008929012787614
7.470216565902669,9.727390389704494,1.3021564105791192,1.6956113176122958
9.43783069480946,8.41996686547622,0.8921506581069486,0.7959327967606615
6.012819434396682,8.737490769400601,1.453143714813267,2.111626655901302
6.567863439375964,11.036367776944614,1.6803588988740026,2.8236060290250506
6.3315844744597936,11.10498095882739,1.753902361031811,3.076173492032961
9.008304745747946,7.187842308552925,0.7979128716694108,0.6366649507757257
11.667183812807744,6.891199017766852,0.5906480199790787,0.3488650835052061
6.003022379167422,7.720155733774641,1.2860448031255505,1.6539112356462358
7.400488779487024,11.40028728041419,1.5404776116969423,2.3730712721395153
10.816107635846993,6.401580720308695,0.5918562329291573,0.35029380045709296
10.348116780012298,11.461330101922877,1.1075764166153192,1.2267255186424313
10.514153824535995,7.225717078853526,0.6872371471293751,0.4722948963945224
7.005678638170691,10.108125275082886,1.4428474095298067,2.081808647186874
11.273202987888158,9.150520335913317,0.8117054528109326,0.6588657421230012
10.707824602062644,6.194434975788098,0.578496119052498,0.3346577597588019
7.636328868534873,8.7742671062462,1.1490164000662866,1.3202386876212888
8.291743966684253,7.7614912507374445,0.9360505198813021,0.8761905757700559
6.3013436424023235,8.583532502268902,1.362174956545699,1.8555206122402772
8.13866666387319,6.038779546299208,0.7419863468674553,0.5505437389377118
6.251404990305899,11.385721189206281,1.8213059635173543,3.3171554127438783
11.539764853882781,11.310852615068098,0.9801631799509622,0.9607198593315824
11.97455827032538,8.387486191778033,0.7004422211183681,0.49061930512523283
6.332068709661077,7.74706399620414,1.2234649293025124,1.4968664332332016
11.678952922328989,10.058048674688287,0.8612115094203612,0.7416852639580969
6.970163218872469,11.995367144499541,1.720959290023624,2.9617008779186156
6.4442885944066015,8.345928503687624,1.2950891912152374,1.6772560132025376
10.089504502552828,11.341557364186844,1.1240945837644678,1.2635886332486121
8.852267671021972,9.373929835638043,1.0589297775443167,1.1213322737700562
10.74195960428224,10.909262467759524,1.0155747060723064,1.0313919836138514
8.483700030855612,11.240885884209932,1.3249980366262724,1.7556197970634766
7.952121627483876,8.494488870256411,1.0682040929678467,1.14105998423326
11.110651635011976,9.882600835957197,0.889470857390134,0.79115840614634
9.299917122165269,7.130928943290249,0.7667733862159386,0.587941425809057
6.456304995917183,6.189775925924263,0.9587180174788107,0.9191402370385011
10.273493443498094,9.29133276394426,0.9043985685146443,0.8179367707313377
6.151982904752591,7.294387159910293,1.18569691639994,1.4058771775603263
8.53996539078716,11.553659774824236,1.35289304419058,1.8303195890192545
11.568221195690846,8.963969065650403,0.7748787747064756,0.600437115490609
10.161015323605664,11.570530247276128,1.1387179212687473,1.2966785042186169
11.05326549507201,11.601048422910093,1.0495584701265257,1.1015729822143332
9.749443951801169,9.641460509691784,0.9889241435056986,0.9779709616084795
9.700832190152955,9.559521164705394,0.9854331027815324,0.9710784000576382
6.525774002000343,8.825185572562896,1.3523584435896363,1.8288733599481835
8.926441511232738,8.51972094558431,0.9544364274233328,0.9109488939926148
11.863564313780955,11.95117572107441,1.0073849144301164,1.014824365821373
9.446987660480648,6.931345426326198,0.73370958822376,0.5383297598514795
10.525735732669649,9.297940075756896,0.8833529847132743,0.7803124956018502
6.526208517673575,10.659418112070416,1.633324783172914,2.6677498473268466
8.956846190389552,7.325325715929986,0.8178465455608536,0.6688729720858213
6.428242781879144,11.611747610089829,1.8063641968879418,3.262951611798619
10.600879570738634,6.555414592685349,0.6183840264330622,0.3823988041475662
11.997404600639177,6.413923022747994,0.5346092122629826,0.2858070098364468
11.504690304727921,7.019639011675706,0.6101545392135366,0.37228856172288316
8.725657786744437,10.310029671396787,1.1815762116019775,1.396122343823681
8.121848648985388,10.813700339170929,1.331433372686872,1.7727148259043388
9.946962980176076,9.450574261673797,0.9500964546171968,0.9026832730761671
11.14094320662318,9.59434195313039,0.8611786071601774,0.741628593430343
11.001865424707024,11.523252777592287,1.047390813535528,1.0970275162786154
8.308975494593962,7.4700167857239475,0.899029825107095,0.8082546264320938
8.105212286726076,11.772521357140345,1.452463049785905,2.1096489109933723
11.01422131987224,8.782517507237337,0.7973797921957146,0.635814533002081
11.010083200147635,8.38318522729752,0.7614097981734698,0.579744880754564
6.803258897835459,11.55316801657414,1.6981814436387133,2.883820215518864
10.045411287427248,10.20707441841197,1.0160932316616105,1.0324454554285352
6.794867162263561,7.842584114417255,1.1541924112913298,1.3321601222824941
9.19778930268772,11.708147955972603,1.2729306543857577,1.6203524508749534
8.022761676843688,9.976224047566195,1.2434900162073663,1.546267420407396
8.431998503123161,11.293582313164034,1.3393719542266238,1.7939172317688452
11.769710377138018,9.405354761472239,0.7991152254469742,0.6385851435411685
9.036739140099805,8.238608617515945,0.9116793668368472,0.8311592679160347
11.950355957647613,8.924410821302429,0.7467903761972265,0.5576958659807951
10.989550012714384,10.94250880556153,0.9957194601145244,0.9914572432507599
11.078447750269259,10.228693678982072,0.9232966485520019,0.8524767012273589
10.685491780525197,11.334086351389875,1.0606986167961656,1.125081555673299
9.37569308441782,8.68594153171911,0.926431939858925,0.8582761391907708
11.92971556055842,11.447292099707731,0.9595611933577309,0.9207576837981127
10.185168170133261,11.373996081411528,1.1167214808258499,1.247066865737879
11.529054021400139,7.500116682144436,0.650540509934534,0.42320295506588357
9.351859957045281,10.49615819469096,1.1223604975803358,1.259693086528779
10.200783549473329,9.297818354539274,0.9114808004155058,0.8307972495260911
9.002746905228419,6.951997863623885,0.7722085200003185,0.5963059983610822
11.377013088627317,6.191438095928373,0.5442059394409464,0.29616010452280306
11.799964838870347,8.981524822674682,0.7611484394503091,0.5793469468776409
10.773205992491253,7.917153326078151,0.7348929679425305,0.5400676743313811
11.51509456921204,10.479452015924673,0.9100621756024159,0.8282131634622024
11.975821116870618,6.7700104536672026,0.5653065779456351,0.3195715270686044
6.5301485351973145,11.35367956284433,1.7386556372566906,3.022923424964469
10.55734355138246,8.971561073121858,0.8497934190980319,0.7221488551423232
10.330573152208773,8.521579166729477,0.8248892913465778,0.6804423429782593
7.771782366627824,10.67899717263902,1.374073110757042,1.8880769137055344
10.974289752177146,8.245247139230685,0.7513239877409782,0.5644877345550056
10.909039300828685,10.883961174793154,0.9977011609048263,0.9954076064708381
6.480720652235176,8.20324972054957,1.2657928277961341,1.6022314829001336
9.011852499019877,7.624291002448009,0.846029271259957,0.7157655278286539
10.605923794811648,8.126104660895162,0.7661854656046465,0.587040167703809
10.52594139774413,7.93091162055601,0.7534634025471323,0.567707098977902
6.512465967841595,6.264666521847724,0.9619499822006751,0.925347768255879
10.803467000271045,11.124890821222227,1.0297519139867894,1.0603890043594562
11.305774885390084,10.42234544661035,0.9218603370635525,0.8498264810509267
7.51652964951259,10.92783452663489,1.4538404072341424,2.113651929706737
9.761406874143972,11.822958997148596,1.2111941597747826,1.4669912926725417
6.95884592127105,8.67352482384201,1.2464027687880996,1.553519862042641
9.214687453386272,11.91811353091133,1.2933822868329177,1.6728377398931478
8.055060054800254,10.180592106526884,1.2638753823393236,1.5973809820833715
8.024529929854332,11.980805314968848,1.4930226966187332,2.229116772618674
11.105304661186953,10.311132808143881,0.9284871620119796,0.86208841002106
9.279316973938357,8.45652031741713,0.911330040903645,0.8305224434534393
11.99476654622449,6.851087584455792,0.571173066024554,0.3262386713518895
11.281677571057944,8.088717940237684,0.7169782941668631,0.5140578743064249
10.991196922473112,11.761905194350412,1.0701205043739572,1.1451578938815725
8.149872016581122,9.50411215532046,1.1661670436031513,1.3599455735861141
9.303282340774542,6.281102200089077,0.6751490463274648,0.45582623475688516
6.553799957808311,10.396955711890975,1.5864011380914764,2.5166685709379317
8.941101373990072,7.259567420167656,0.8119321229581349,0.6592337722913039
8.095069059963702,11.262711233654267,1.391305145172507,1.9357300069834906
9.301925560184756,9.39862253623497,1.0103953719500949,1.0208988076581706
6.668988393390663,8.761389917621171,1.3137509620355907,1.7259415902494402
10.586065076061228,6.215235958028131,0.5871148451640392,0.3447038414119937
9.590115702619286,8.923265565106664,0.9304648496231918,0.8657648363843089
8.961615715951748,10.40702932473333,1.1612893985410169,1.3485930671637567
11.045213933481218,8.088554854945944,0.732313099923507,0.5362824763195764
6.4191164197312025,10.812630675667027,1.6844422142634703,2.837345573192823
7.4873504508865825,9.959847573323657,1.3302232396700897,1.7694938673583889
7.411419956903893,9.0783510708266,1.2249138658469791,1.5004139787441912
11.816844578018033,10.801838731855057,0.9141051708464446,0.8355882633682077
10.359451510008409,10.733077758770156,1.0360662191816605,1.0734332105293807
9.38041159105398,8.728099031134875,0.9304601345487643,0.8657560619845046
6.4170741271987675,8.443444031407587,1.3157778551474186,1.7312713640963413
8.253003576851484,10.631306531209596,1.2881742304133876,1.6593928479011235
9.661977330525488,11.677392322405426,1.2085923950072366,1.4606955772693282
9.01968668849886,9.957038566227553,1.1039228866922755,1.2186457397630064
6.950939425812874,10.337212711147137,1.4871677161735959,2.211667816028989
10.447477679738832,11.644749018565209,1.1145990808047659,1.242331110930829
10.14733428927417,10.672162335474951,1.0517207801812078,1.1061165994649684
9.890973965892748,8.66432090754432,0.8759825814345159,0.7673454829766783
7.698287155638777,7.3194956089145835,0.9507953471900903,0.9040117922383243
7.228116260211911,11.466262410319125,1.5863417241137405,2.516480065664155
10.765454605206628,10.92509785407874,1.014829215739287,1.0298783371180165
8.441225175875315,10.625430485610561,1.2587545367202877,1.5844629837139061
8.343692229713183,7.861777192382045,0.9422419926258829,0.8878199726675944
6.260037987016586,7.85785835123315,1.2552413208243254,1.575630773504797
7.4087594922764275,7.966015861390295,1.075215880566079,1.1560891898214887
10.491125882035663,10.982546797131295,1.046841580267101,1.0958772941761212
6.747128333700855,11.244962733904023,1.666629442593701,2.77765369892019
9.610630225144314,7.736529326402959,0.804997086056007,0.6480203085586622
8.577200618258733,10.45188018347605,1.2185654327854463,1.484901713979582
11.519843117345381,6.37634108272598,0.5535093679466129,0.3063726204046589
8.662575853461071,8.521869952072539,0.9837570367326348,0.9677779073209746
11.41845758236693,8.268166524108066,0.7241053762704577,0.5243285959437811
6.71629754612101,9.964809556642784,1.4836760117034942,2.201294507704387
6.1515697450892635,10.208167012216926,1.6594409939619075,2.7537444124412835
10.187513724935972,9.338567073099352,0.9166679255843696,0.8402800857951513
6.858054605543284,9.968760490346789,1.4535842981315952,2.1129073117747224
9.481521020196784,6.155599374394248,0.649220664203779,0.42148747082919596
10.94121597866584,9.387430922111168,0.8579879001032079,0.7361432367235122
7.102671703720364,10.069839983390604,1.4177538260871672,2.0100259113848016
6.918540585537578,9.918221179518376,1.4335712939592042,2.055126654863867
8.291337538772286,6.2342046471108,0.7518937225698702,0.565344170039977
11.036510998626714,9.627574366499207,0.8723385830628155,0.7609746035000408
10.759536290051084,11.492224994031982,1.068096680398614,1.140830518678539
8.849080606587737,7.641100519647109,0.8634908935012591,0.7456165231596027
11.754402408663289,11.363475517533814,0.9667420871314265,0.9345902630312266
6.369369873026398,7.233388699776789,1.1356521671648272,1.2897058447861687
6.54948871038599,10.235941629855793,1.5628611762661613,2.4425350562800494
10.05493384203189,9.41337930908917,0.9361950518002538,0.8764611750152798
8.38001981578196,6.874693152149664,0.8203671713523472,0.6730022958326514
11.137410945176796,6.396712907854065,0.5743446963878303,0.32987183026882894
6.459450910968682,11.108138489160527,1.7196722511348432,2.9572726513231795
6.135941678825163,9.495456553896286,1.5475141471218095,2.3948000355421413
8.737216634734882,8.87409636564918,1.0156662855731575,1.0315780036499749
8.370303867405319,6.153738551375048,0.7351869954612082,0.5404999182952787
6.759555846631939,7.485418081179821,1.1073831256101767,1.2262973868861644
8.539879395880977,9.924153151294966,1.1620952347502311,1.3504653346291948
9.18875015005655,6.825342935264121,0.7427933966865033,0.5517420301610731
10.23870241326106,6.384451367704791,0.6235605948890279,0.38882781549835843
6.650036109968046,9.615997033891695,1.4460067396442904,2.0909354910967104
10.476005485307095,11.402904063353162,1.0884782448182249,1.1847848894425634
11.646545709255294,6.633642503995668,0.5695802574942058,0.3244216697271658
9.600562173109235,8.109263012976346,0.8446654338315776,0.7134596951098872
6.302288430087575,6.280070394782898,0.996474608302818,0.9929616449922545
6.618848645397431,10.804511684652791,1.6323853684380525,2.6646819910906365
10.200143412553068,9.951168072200426,0.9755909960985221,0.9517777916685065
7.092544573036024,10.5607068540244,1.4889870264860103,2.217082365043651
10.69274998682289,10.312250309619753,0.9644151712448115,0.930096622527159
11.339916691728211,11.24552816955873,0.9916764360148843,0.9834221537471829
7.785995953326598,10.761073138570229,1.3821061818009959,1.9102174977725275
11.912322492618069,10.262466545196151,0.8615000602574087,0.7421823538235187
8.107526261953712,10.298458437462445,1.2702343606076427,1.6134953308683069
10.141753306794868,8.214123109805815,0.809931267437006,0.655988657972115
9.699068010439936,7.111124035718288,0.7331760152690937,0.5375470693658664
10.082864322914928,7.029087445502086,0.6971320073728808,0.48599303570374236
9.176492769694393,10.754935906950866,1.172009413277077,1.3736060648100785
7.0501947303710715,6.900485364783374,0.9787652155276259,0.9579813471268399
8.235090427258221,6.204309029210618,0.7533990165638378,0.5676100781593579
9.199590273367871,10.228092194574511,1.1117986660975627,1.2360962739363197
10.827757311958852,9.94045095533669,0.918052618741079,0.842820610777353
6.151176826329687,10.293063964881703,1.6733487356147778,2.8000959909835754
9.169573289396618,6.800943925369188,0.7416859771690322,0.5500980887291821
10.316872080867293,6.773978475819365,0.6565922716422696,0.431113411180356
7.311187163878893,10.795913113045529,1.4766292902995308,2.180434060970496
7.525605049677313,10.536383911215546,1.4000713353496184,1.9601997440676635
6.343801151705264,7.187314682730026,1.1329665780583331,1.2836132669972091
7.430980709355149,8.195700808487327,1.1029097139452189,1.2164098371147245
10.571348172259816,6.841624095991542,0.6471855797867475,0.41884917468390853
10.124360054572215,7.648592898020052,0.7554643312557723,0.5707263557997312
9.980965503753023,8.776768454067746,0.8793506450620957,0.7732575569711239
8.052301056012535,11.707653139523444,1.4539512442572562,2.1139742206772234
11.622958742543048,6.37662393766614,0.5486231241900601,0.3009873323960621
10.717980179734711,9.811900578247354,0.9154617207446838,0.8380701621488175
9.014405199297736,10.468751925621628,1.1613358501387527,1.3487009568174995
10.886943512696348,8.244915185997428,0.7573213892753473,0.5735356866539422
7.993340844478094,9.043642230202021,1.1313970473871997,1.2800592788364735
7.5769237029331435,7.038471936199695,0.9289353056933903,0.8629208021636725
7.770559880058493,10.11279888935016,1.301424742289488,1.6937063598432602
6.4774386533798936,8.963194451322703,1.3837559768544863,1.9147806034805135
11.226100987194718,9.758517408754,0.8692704100814035,0.7556310458430914
10.056576613124761,6.123133962644341,0.6088686238071399,0.37072100105680045
11.756640583627176,11.185170754926698,0.9513917411495652,0.9051462451276012
10.950972809184545,9.96580302020261,0.9100381485601283,0.8281694318347462
8.413368144618353,10.01264463699174,1.1900875445937036,1.4163083637970704
9.94710369698351,8.645852907172412,0.8691829471722803,0.755478995655091
6.398701825473764,10.555685173025683,1.6496604250259987,2.721379517896959
11.561850448259634,8.75928630745992,0.7576024570338934,0.5739614829037923
11.15868327970504,11.827725422852108,1.0599570869050379,1.123509026080214
11.208566120335666,8.640870948723922,0.770916712802971,0.5943125780789386
9.44945121546822,11.336362711261906,1.1996847703393523,1.4392435481841843
9.495631760557089,11.590886725763493,1.2206546144627959,1.4899976878093169
10.735923965854484,8.17227106319149,0.761207986306845,0.579437598417322
9.817813020710616,9.041483248139711,0.9209264047977648,0.8481054430537365
8.987869246015691,6.265232174633008,0.697076470867706,0.48591560623737573
10.174759260878036,8.686790709979206,0.8537588445340353,0.728904164620091
10.687968419177658,7.481460940887418,0.69998905755216,0.4899846806927612
7.064832145656695,11.21779732164015,1.5878363548292662,2.5212242897174915
7.814514456970969,7.3543131271543825,0.9411094147498746,0.8856869305308516
8.551451438061383,6.715795487383379,0.7853398380410908,0.6167586612144067
6.9656186798347015,7.708801001461879,1.1066929379551989,1.2247692589199095
6.439526838772412,7.818860920025502,1.2141980483640684,1.4742769006511127
8.231552263605678,9.733445447461332,1.1824556457590634,1.3982013541874836
10.294041031027884,7.565319107077057,0.7349221830643551,0.5401106151600774
6.094307800320292,11.848344072317213,1.9441656805871392,3.7797801935728543
10.726117504932024,8.020348148886828,0.7477400974955716,0.5591152534026869
6.287867728065284,11.106036446194924,1.766264324649231,3.1196896645286043
9.261912271829296,7.020633601648656,0.7580112395366092,0.5745810392638268
10.236035662075626,8.792899036420916,0.8590141072875008,0.737905236518942
10.712865026982378,9.05767180225089,0.8454948120262348,0.7148614771632781
6.274445118222014,10.364710927698967,1.6518928339333392,2.7287499348003186
11.344730311056328,7.586775906662215,0.6687488991490884,0.4472250901131176
9.266581482507657,7.985100969867553,0.8617094648054269,0.7425432017352552
6.167061167004014,9.237990182986785,1.4979566332848038,2.243874075201944
8.860086484703551,9.551959435448289,1.078088735582798,1.162275321790516
7.416987986966934,6.786340566208973,0.9149725708244197,0.8371748053610478
10.364073351582595,10.497898470456839,1.012912405608728,1.0259915414360603
10.961245495895582,9.926815118844257,0.905628390729989,0.8201627820961896
9.223907317065859,11.023814124354441,1.1951349623774339,1.4283475782969104
7.540404016095629,10.074334255825491,1.3360470121124775,1.7850216185746786
9.254514688615679,9.642492734834903,1.0419231109651261,1.0856037691632465
6.262637566274053,7.77049202825574,1.240769874677385,1.5395098819069337
11.435385329406866,10.38558332469715,0.9081970589998327,0.8248218979759456
6.618320565842883,9.338888203884027,1.4110661626277183,1.9911077153129144
10.35002531370763,8.790433045632053,0.8493151252480471,0.721336181975106
9.432921364432788,6.601853118155812,0.6998736513428774,0.4898231278440115
7.011924237436371,8.288964012423921,1.1821240121462648,1.3974171800927826
9.629451425046131,10.786061426136534,1.1201117228840336,1.254650271742238
10.715216936724078,6.35563898098793,0.5931414192096623,0.3518167431820524
7.627243019974676,11.309059429183902,1.4827191685864822,2.198456132893789
9.329589470499172,11.788590449391103,1.2635701159914343,1.5966094380266067
10.300040760255378,8.822289842885235,0.856529604904835,0.7336429640784328
8.27519325331823,11.297771355787368,1.365257705765014,1.8639286031507494
8.499984982004888,6.461498759861986,0.7601776677889983,0.5778700866051207
11.444170370796048,9.286179493042509,0.811433174460559,0.65842379661514
7.605206563873901,6.433536347478999,0.8459384098834939,0.7156117933162142
6.899363334568737,8.99752815752015,1.3041099187281118,1.7007026801250422
10.231563485840617,8.661583610408115,0.8465552329704854,0.7166557624697129
7.259237426747851,10.325571832526517,1.422404479357605,2.023234502896579
7.7767720108494744,9.108550859804822,1.1712508540943936,1.3718285632168463
9.866336658898584,11.202154486445249,1.1353914703834753,1.28911379101955
10.649800010662684,11.26771800221653,1.0580215582391388,1.1194096176987753
11.093897226826016,9.593483288606945,0.8647532145339387,0.7477981220467802
7.296538334264227,6.120775087035759,0.8388601288220285,0.7036863157273103
9.290173757897191,8.17838412027741,0.880326281661342,0.7749743621836844
9.54656953824012,6.2181368957575165,0.6513477821378557,0.42425393329590355
9.341286658194349,10.057351517931064,1.0766559132524394,1.1591879555414442
8.374462078169596,11.111185555219134,1.3267939422859865,1.7603821652867895
6.179578886590611,11.449589654010696,1.8528106630139078,3.4329073529780367
11.408107842932612,11.342923909510404,0.9942861748574203,0.9886049975126007
7.575848662441318,10.791638761801797,1.4244791894145612,2.029140961075165
10.543603468709577,7.91440552041074,0.7506357332100405,0.5634540039717751
10.446418528237759,8.0552915449462,0.771105572993453,0.5946038047015614
10.226928284353356,8.297445645073594,0.8113331211844161,0.6582614335308465
8.71596954151947,6.0888003315999235,0.6985798083156739,0.4880137485863637
10.52899065181553,8.367381912254547,0.7946993390873367,0.6315470395458498
8.973173905968157,11.66934412208774,1.3004700727271463,1.6912224100589492
11.797413995650583,11.337734157300606,0.9610355423214401,0.9235893136050645
11.646497329842678,11.677405131468856,1.0026538280781623,1.005314698959793
10.520688934689339,11.788369251783475,1.1204940403583532,1.2555068944785868
9.185420521203243,11.847138307861517,1.289776366853763,1.6635230764944926
8.099252018965107,11.067489627446573,1.3664829297237668,1.8672755972264492
9.623422776419012,10.357704230437848,1.0763014855606365,1.1584248878200332
8.132893826940098,9.451305254971285,1.1621085257087664,1.3504962255250026
8.94101220910543,7.233024043410616,0.8089714983326588,0.654434885114587
11.254573998460746,8.459254917359207,0.7516281752215724,0.5649449137869108
8.266449666034298,10.127238375471768,1.225101317326493,1.5008732377151086
7.521592844405496,9.06691550814833,1.2054515174790714,1.4531133609925961
10.7046968491426,7.9117375753159,0.7390902971670418,0.5462544673664661
8.74510751778416,7.321242085268327,0.8371814835186141,0.7008728363464275
10.178777406114996,7.373937267791047,0.7244423346325547,0.5248166962078663
11.362015449901929,8.675223789258272,0.7635286034867302,0.5829759283423965
7.230366108546619,7.930367804073594,1.0968141426060765,1.2030012634207026
8.485994390741215,10.560739011728867,1.2444904539709967,1.5487564900249373
10.50330857278711,9.91491958394803,0.9439806052767478,0.8910993831386551
6.293112992106074,6.951723056370147,1.1046556871122792,1.2202641870695017
7.1711166815302,9.146019782539415,1.2753968717446393,1.626637180456012
9.582540431658334,7.372085583617393,0.7693247564353449,0.5918605808643028
9.670627376047992,9.11109283404939,0.9421408229020958,0.8876293301786382
7.982685095734874,8.176834359925651,1.0243212981424648,1.0492341218282641
9.634168309879083,10.190404550697778,1.0577357819510294,1.1188049844195556
10.348572194254503,7.034508628562603,0.6797564433543926,0.4620688222818135
8.654858981348285,6.32069478583948,0.7303059240434695,0.5333467426929859
10.317312768405422,6.64450690907797,0.6440152642677811,0.41475566060989993
6.101030619384249,11.747731050395945,1.9255322228790244,3.7076743413454367
8.737931519949008,10.348883722770006,1.1843631068912748,1.4027159689651532
9.624955017667027,9.723727046765662,1.010262076956966,1.0206294641374025
7.836799440505626,6.833372633833742,0.8719596163855453,0.7603135726072273
8.70506647124881,11.745978144133103,1.3493266459168176,1.8206823973811288
11.101322854986318,11.559933643494286,1.0413113639247036,1.0843293566387264
6.056033104636467,10.38505563278348,1.7148280819060808,2.940635350493688
10.36669805457857,9.980397397865685,0.9627363838824001,0.9268613448509601
7.487655940052251,11.039348529073234,1.474339715587439,2.1736775969584503
6.13229252607565,6.0723868943812995,0.9902311196930641,0.9805576704085794
8.598190452071028,9.943040855993143,1.1564108647533136,1.3372860881195066
11.383202655694578,11.945510197908398,1.049398008558911,1.1012361803674082
9.347420478616908,6.649702758650797,0.711394418798492,0.5060820190976442
8.89306848694389,6.893959789502316,0.7752059707651516,0.6009442971099411
9.520231557576201,9.228182645725333,0.9693233394498209,0.9395877364021527
9.568345120269333,9.787758112820338,1.0229311327918353,1.0463881024347874
8.184308127136735,10.506116431163878,1.2836902359930362,1.647860621983857
11.461713781847047,9.799889957994843,0.855010877475916,0.7310436006021358
8.290648938062937,7.375967810551646,0.8896731565472605,0.7915183254807664
8.413342081826086,8.928230305924004,1.061199012127433,1.12614334334024
7.5353026842705475,6.708415590510068,0.89026491324807,0.7925716157605937
7.131057456158518,10.033433596332213,1.4070050140554045,1.979663109577049
8.824152503685637,6.8270753839764735,0.7736805751175502,0.5985816323142232
10.680589762319478,10.032535484854678,0.9393241111318498,0.8823297857536396
6.00155393994936,6.863475926934101,1.143616469269293,1.3078586287839638
8.051225550591605,9.232048131507337,1.1466637064749683,1.3148376557469121
9.523243558349947,11.673818563229228,1.2258237954014801,1.5026439773724898
7.832303179223786,9.167671499032949,1.170494973094428,1.3700584820393258
8.167001474152254,9.775816729235197,1.1969897103820395,1.4327843667604787
10.947144747753049,10.472799682169049,0.9566695173477667,0.9152165654224089
11.623164579268146,11.511651508639481,0.9904059630345795,0.9809039716144529
7.650850642399879,11.260422038090905,1.4717869377409247,2.1661567901048087
8.783399434910717,11.183426058562556,1.2732457565475885,1.621154756566441
11.256945134430843,7.3699728608659605,0.6547045199966314,0.4286380085040195
8.99494839925071,7.1169103133033875,0.7912119111095995,0.6260162882817049
11.306728521584544,8.173032682158166,0.7228468134311217,0.5225075156875268
8.321223656785072,10.516798261830974,1.2638523726321962,1.5973228198080316
7.325794043763234,11.869872993400644,1.6202848349942327,2.625322946512288
10.32800437087351,9.13512910374316,0.8845008944327684,0.7823418322523672
11.103068436696708,8.498284420067908,0.7653996252045301,0.5858365862632351
10.937785630232021,11.075937880807928,1.0126307330611832,1.0254210015400294
9.908114665206593,10.400051380189485,1.049649881092957,1.101764872878459
9.495075602362018,9.403807082164189,0.9903878047927154,0.9808680038821337
11.027891880735535,6.679553633669179,0.6056963294442154,0.3668680435021955
10.47748403169161,8.194480998364238,0.7821038880687489,0.6116864917322541
10.987019917064032,8.707077605192051,0.7924876509661202,0.6280366769337992
6.481898478064082,9.144721319655098,1.410809094064415,1.990382299894855
8.882341118092278,10.427451597169078,1.1739530669374534,1.378165803371853
7.544044459509891,9.309636665079156,1.2340378844591233,1.5228495002803486
10.93934020654395,10.345760309849453,0.9457389672971853,0.8944221942643465
6.609062178656085,7.391475912561907,1.1183849860624129,1.2507849770498234
11.220154632356127,6.494549697058937,0.5788288940626786,0.3350428886018236
9.020670435825973,8.510184674215472,0.9434093324612453,0.8900211685749724
8.622453945377483,10.961814534196773,1.2713103025703518,1.6162298854215196
11.977889941332965,7.042953714612846,0.5879961954157902,0.34573952582344414
9.929412418178673,8.721226354353757,0.8783225015799544,0.771450416781669
8.849028026345945,10.072478421063245,1.1382581670071288,1.2956316547584288
9.090950787420496,8.263052401289102,0.9089315952213722,0.8261566447916685
7.515160041133909,9.886418219004188,1.3155299640847697,1.7306190864048756
8.243533534406968,9.645584130260191,1.1700788369455073,1.369084484667751
11.018605459395733,10.371136369953202,0.9412385630987065,0.8859300326641176
7.282685489544225,6.949203936478565,0.9542089860197258,0.9105147890007933
9.446298554187708,11.816014905275644,1.250861894475842,1.5646554790516927
8.659819405616545,11.281077997229595,1.3026920619052362,1.6970066081509159
11.781612271284214,11.488270265992668,0.9751017094658156,0.9508233438031559
7.541883049735931,10.20545944046642,1.3531712667997087,1.8310724772923284
11.503389490603851,7.5625321802498915,0.6574177277425133,0.43219806875012934
9.074087171242908,11.09377558073946,1.2225775850927723,1.4946959515712748
8.146818182035897,8.836260865710445,1.0846272333896931,1.1764162354105798
9.545623122005479,6.280666513658238,0.6579629672555841,0.43291526627977284
9.322409470239062,6.299113285375608,0.6756958386654168,0.456564866389761
6.329377234383889,10.761108449105016,1.700184402131392,2.8906270012508792
8.527499596526436,11.57013505210139,1.3568027674623793,1.8409137497935713
10.355078925160516,9.50011073093916,0.9174348935048697,0.8416867838202917
6.795466642513823,7.792350352927064,1.1466983450667736,1.3149170945788773
7.929801524582012,6.5594080559514705,0.8271843923984243,0.6842340190275504
9.426617819965397,9.823254827010876,1.0420762795968463,1.0859229724984047
10.740005344196408,6.636106788157752,0.6178867305446654,0.3817840117831759
9.380084395377299,11.979296020725872,1.2770989594325526,1.6309817521837087
6.096760423247562,10.133764871692168,1.6621556643510382,2.7627614525342414
6.37954237221042,8.484038166028988,1.3298819368276082,1.7685859659003507
6.27237410911681,9.530023836566473,1.51936470477976,2.3084691061304876
10.153631853428816,8.089903442814238,0.7967497304998634,0.6348101330516049
11.018527027527385,8.250653040679296,0.7487981850992279,0.5606987220078976
10.948161115907642,8.973318322145786,0.8196187676766635,0.6717749243278125
7.441601619008261,9.044218570938877,1.21535914363341,1.4770978480133354
8.360520575863616,8.758409137491828,1.047591362047107,1.0974476618357125
10.062503885446162,10.151916530242268,1.0088857252443328,1.0178504066017835
11.70203079607271,6.041362727033347,0.516266179120027,0.26653076770319184
6.647231730076124,6.393355084078872,0.9618071617920948,0.9250730164745649
9.01721868322235,10.13008254075896,1.1234154229404718,1.2620622125005192
9.256698502850506,10.630658989009916,1.1484287822203902,1.3188886678322085
10.085347760088947,6.8969837204468885,0.6838617650588641,0.46766691370942504
9.418214869349232,7.459499493141536,0.792029020002276,0.6273099685257658
8.991421287031987,8.205155617629632,0.9125537949671697,0.8327544287089832
11.530208622782036,7.83587155350928,0.6795949500884766,0.461849296185759
10.572769186378997,9.344342344327577,0.8838121952350938,0.7811239964462756
7.714086173380589,7.874578817272608,1.020805140140363,1.0420431341369862
9.367829696833903,7.325167565098306,0.7819492670296978,0.6114446562082816
10.300206900116063,9.439305133370073,0.9164189831238935,0.839823752629831
6.044091029624354,9.460775420086488,1.5652933375284528,2.4501432325109627
11.181626025136765,6.537647081202891,0.5846776726842756,0.34184798093550095
6.049583944117015,10.623895363816978,1.756136531363996,3.0840155167911676
10.896875027082501,8.24870053141746,0.7569785384265295,0.5730165076383649
11.749401400584818,10.024297919007546,0.8531752024838128,0.727907926133295
7.657817465399898,8.196554611444821,1.0703512650280689,1.1456518305471874
6.545793472945686,8.274510597463218,1.2640958856496871,1.597938408116467
9.518210653598075,8.231466512307522,0.8648123908873421,0.7479004714322809
9.189662646507204,11.76910491222602,1.2806895492185677,1.6401657214776582
10.355889750164938,9.691377290944422,0.9358324127378884,0.8757823047308175
11.522423604018668,7.263724296613238,0.6303989981829755,0.39740289691009917
6.394259674574545,9.895537092182028,1.5475657223508754,2.394959664995387
11.169772394040482,6.89386796649583,0.6171896546588526,0.3809230698179137
10.23586219382205,7.509911291914555,0.7336862444716412,0.5382955053269008
